Workbook

Sheet README
A1: T5-8 · 표 5-8. 반복 실행과 파운데이션 모델 간 기업별 행동 및 효과 비교
A2: 논문 인쇄값을 계산 입력으로 쓰지 않고, 선택 실행의 실제 산출물에서 값을 계산한 Excel입니다.
A4: 항목 | B4: 내용
A5: 선택 실행 | B5: V11_FINAL_FROZEN_REPLAY_RESUME
A6: 실행 방식 | B6: FrozenReplay
A7: 논문 항목 읽기 | B7: 논문 DOCX에서 번호·제목·위치만 동적으로 읽음
A8: 논문 위치 | B8: 5.5 반복 실행의 정책가치와 기업별 행동 · 인쇄면 63
A9: 관측·집계 단위 | B9: comparison_group + row_kind + pair
A10: 선택 조건 | B10: 추가 필터 없음
A11: 계산 방법 | B11: 575개 기업 C4 자유작성 결과를 실행쌍별 row_id로 대응; 최근접 후보행동 일치율과 Oracle별 정책가치 Spearman 순위상관을 계산
A12: 생산 코드 | B12: src/credit_recourse/reproduction/thesis_outputs/prepare.py::_derive_direct_reviewer_claim_values
A13: 실제 입력 산출물 | B13: embedded://thesis-output-calculation/derived/repeatability_pair_calculations.csv

Sheet SOURCE
A1: T5-8 · 실제 입력 산출물
A2: 선택 실행에서 읽은 실제 중간·최종 산출물입니다. 아래 ANALYSIS가 이 셀들을 직접 참조합니다.
A4: 입력 1: embedded://thesis-output-calculation/derived/repeatability_pair_calculations.csv
A5: 파일 크기(bytes) | B5: 1876 | C5: 생산 코드 | D5: src/credit_recourse/reproduction/thesis_outputs/prepare.py::_derive_direct_reviewer_claim_values | E5: SHA256 | F5: E9CAA7DEFAE9436B85DFD6F428C8F67AB3A08E413FAC8E64127B9D1F3837E5EF | G5: 읽기 상태 | H5: OK
A6: comparison_group | B6: row_kind | C6: pair | D6: n_firms | E6: nearest_candidate_match_pct | F6: rank_corr_alpha | G6: rank_corr_beta | H6: rank_corr_gamma
A7: 같은 파운데이션 모델 반복 | B7: 실행쌍 | C7: 기준 실행 vs 독립 실행 2 | D7: 575 | E7: 36.869565 | F7: 0.74276288 | G7: 0.70116702 | H7: 0.8717041
A8: 같은 파운데이션 모델 반복 | B8: 실행쌍 | C8: 기준 실행 vs 독립 실행 3 | D8: 575 | E8: 39.478261 | F8: 0.74372561 | G8: 0.6494809 | H8: 0.84451922
A9: 같은 파운데이션 모델 반복 | B9: 실행쌍 | C9: 독립 실행 2 vs 독립 실행 3 | D9: 575 | E9: 37.913043 | F9: 0.72152871 | G9: 0.65746859 | H9: 0.87433784
A10: 같은 파운데이션 모델 반복 | B10: 요약 | C10: 평균 | D10: 575 | E10: 38.086957 | F10: 0.73600573 | G10: 0.66937217 | H10: 0.86352039
A11: 같은 파운데이션 모델 반복 | B11: 요약 | C11: 최솟값 | D11: 575 | E11: 36.869565 | F11: 0.72152871 | G11: 0.6494809 | H11: 0.84451922
A12: 같은 파운데이션 모델 반복 | B12: 요약 | C12: 최댓값 | D12: 575 | E12: 39.478261 | F12: 0.74372561 | G12: 0.70116702 | H12: 0.87433784
A13: 서로 다른 파운데이션 모델 | B13: 실행쌍 | C13: GPT-5.4-mini vs GPT-4.1-mini | D13: 575 | E13: 11.304348 | F13: 0.56337218 | G13: 0.22518703 | H13: 0.72028074
A14: 서로 다른 파운데이션 모델 | B14: 실행쌍 | C14: GPT-5.4-mini vs Claude Haiku 4.5 | D14: 575 | E14: 1.7391304 | F14: 0.67820129 | G14: 0.63669888 | H14: 0.79962537
A15: 서로 다른 파운데이션 모델 | B15: 실행쌍 | C15: GPT-4.1-mini vs Claude Haiku 4.5 | D15: 575 | E15: 12.347826 | F15: 0.65691364 | G15: 0.49879441 | H15: 0.79897885
A16: 서로 다른 파운데이션 모델 | B16: 요약 | C16: 평균 | D16: 575 | E16: 8.4637681 | F16: 0.63282904 | G16: 0.45356011 | H16: 0.77296165
A17: 서로 다른 파운데이션 모델 | B17: 요약 | C17: 최솟값 | D17: 575 | E17: 1.7391304 | F17: 0.56337218 | G17: 0.22518703 | H17: 0.72028074
A18: 서로 다른 파운데이션 모델 | B18: 요약 | C18: 최댓값 | D18: 575 | E18: 12.347826 | F18: 0.67820129 | G18: 0.63669888 | H18: 0.79962537

Sheet CALCULATION
A1: T5-8 · 분석 과정
A2: 필터·분석단위와 실제 계산 결과입니다. 수치 셀은 SOURCE를 직접 참조합니다.
A4: 항목 | B4: 내용
A5: 계산 방법 | B5: 575개 기업 C4 자유작성 결과를 실행쌍별 row_id로 대응; 최근접 후보행동 일치율과 Oracle별 정책가치 Spearman 순위상관을 계산
A6: 생산 코드 | B6: src/credit_recourse/reproduction/thesis_outputs/prepare.py::_derive_direct_reviewer_claim_values
A7: 선택 실행 | B7: V11_FINAL_FROZEN_REPLAY_RESUME
A11: 이 표·그림과 연결된 본문 핵심 수치
A12: 수치 ID | B12: 본문 주장 | C12: 논문 표시값 | D12: 재계산값 | E12: 확인 결과 | F12: 계산식 | G12: 실제 입력 산출물
A13: NC0167-01 | B13: 같은 파운데이션 모델로 반복 실행했을 때 가장 가까운 후보행동이 일치한 비율은 평균 38.1%였다. 절반이 넘는 기업에서 제안행동의 구성이 달라진 것이다. 반면 기업별 효과의 순위상관은 Oracle-α 0.736, Oracle-β 0.669, Oracle-γ 0.864로 행동일치율보다 높았다. 제안한 행동의 구체적인 내용은 달라지더라도, 어느 기업에서 정책가치가 상대적으로 높거나 낮게 나타나는지는 더 비슷하게 반복되었다. | C13: 38.1% | D13: 38.1 | E13: 논문값과 일치 | F13: 세 동일모델 실행쌍의 최근접 후보행동 일치율 평균; 각 실행의 C4 자유작성 575개 기업을 row_id로 대응하고 행동은 candidate_id, 정책가치는 행동 점수-동일기업 무행동 점수로 계산 | G13: frozen_outputs/final_freeze/llm_runs/ICb_gpt54mini_p50_live_seed1/stage7_llm_action_generation/llm_stage7_action_table.parquet frozen_outputs/final_freeze/llm_runs/ICb_gpt54mini_p50_live_seed1/stage8_llm_multi_oracle_eval/llm_stage8_multi_oracle_scores.parquet frozen_outputs/final_freeze/llm_runs/N5M_C4C6_L1_unbounded_ICb_gpt54mini_p50_main_seed1_20260712_161725/stage7_llm_action_generation/llm_stage7_action_table.parquet frozen_outputs/final_freeze/llm_runs/N5M_C4C6_L1_unbounded_ICb_gpt54mini_p50_main_seed1_20260712_161725/stage8_llm_multi_oracle_eval/llm_stage8_multi_oracle_scores.parquet frozen_outputs/final_freeze/llm_runs/C4R_C4C4RC6_L1_unbounded_ICb_gpt54mini_p50_main_seed1_20260715_032728/stage7_llm_action_generation/llm_stage7_action_table.parquet frozen_outputs/final_freeze/llm_runs/C4R_C4C4RC6_L1_unbounded_ICb_gpt54mini_p50_main_seed1_20260715_032728/stage8_llm_multi_oracle_eval/llm_stage8_multi_oracle_scores.parquet frozen_outputs/final_freeze/llm_runs/ICb_gpt41mini_p50_live_seed1_postpatch_20260705_153820/stage7_llm_action_generation/llm_stage7_action_table.parquet frozen_outputs/final_freeze/llm_runs/ICb_gpt41mini_p50_live_seed1_postpatch_20260705_153820/stage8_llm_multi_oracle_eval/llm_stage8_multi_oracle_scores.parquet frozen_outputs/final_freeze/llm_runs/ICb_haiku45_p50_live_seed1_postpatch_20260705_190541/stage7_llm_action_generation/llm_stage7_action_table.parquet frozen_outputs/final_freeze/llm_runs/ICb_haiku45_p50_live_seed1_postpatch_20260705_190541/stage8_llm_multi_oracle_eval/llm_stage8_multi_oracle_scores.parquet embedded://thesis-output-calculation/derived/reviewer_core_direct_calculations.csv
A14: NC0167-02 | B14: 같은 파운데이션 모델로 반복 실행했을 때 가장 가까운 후보행동이 일치한 비율은 평균 38.1%였다. 절반이 넘는 기업에서 제안행동의 구성이 달라진 것이다. 반면 기업별 효과의 순위상관은 Oracle-α 0.736, Oracle-β 0.669, Oracle-γ 0.864로 행동일치율보다 높았다. 제안한 행동의 구체적인 내용은 달라지더라도, 어느 기업에서 정책가치가 상대적으로 높거나 낮게 나타나는지는 더 비슷하게 반복되었다. | C14: 0.736 | D14: 0.736 | E14: 논문값과 일치 | F14: 세 동일모델 실행쌍의 기업별 정책가치 Spearman 순위상관 평균 (alpha); 각 실행의 C4 자유작성 575개 기업을 row_id로 대응하고 행동은 candidate_id, 정책가치는 행동 점수-동일기업 무행동 점수로 계산 | G14: frozen_outputs/final_freeze/llm_runs/ICb_gpt54mini_p50_live_seed1/stage7_llm_action_generation/llm_stage7_action_table.parquet frozen_outputs/final_freeze/llm_runs/ICb_gpt54mini_p50_live_seed1/stage8_llm_multi_oracle_eval/llm_stage8_multi_oracle_scores.parquet frozen_outputs/final_freeze/llm_runs/N5M_C4C6_L1_unbounded_ICb_gpt54mini_p50_main_seed1_20260712_161725/stage7_llm_action_generation/llm_stage7_action_table.parquet frozen_outputs/final_freeze/llm_runs/N5M_C4C6_L1_unbounded_ICb_gpt54mini_p50_main_seed1_20260712_161725/stage8_llm_multi_oracle_eval/llm_stage8_multi_oracle_scores.parquet frozen_outputs/final_freeze/llm_runs/C4R_C4C4RC6_L1_unbounded_ICb_gpt54mini_p50_main_seed1_20260715_032728/stage7_llm_action_generation/llm_stage7_action_table.parquet frozen_outputs/final_freeze/llm_runs/C4R_C4C4RC6_L1_unbounded_ICb_gpt54mini_p50_main_seed1_20260715_032728/stage8_llm_multi_oracle_eval/llm_stage8_multi_oracle_scores.parquet frozen_outputs/final_freeze/llm_runs/ICb_gpt41mini_p50_live_seed1_postpatch_20260705_153820/stage7_llm_action_generation/llm_stage7_action_table.parquet frozen_outputs/final_freeze/llm_runs/ICb_gpt41mini_p50_live_seed1_postpatch_20260705_153820/stage8_llm_multi_oracle_eval/llm_stage8_multi_oracle_scores.parquet frozen_outputs/final_freeze/llm_runs/ICb_haiku45_p50_live_seed1_postpatch_20260705_190541/stage7_llm_action_generation/llm_stage7_action_table.parquet frozen_outputs/final_freeze/llm_runs/ICb_haiku45_p50_live_seed1_postpatch_20260705_190541/stage8_llm_multi_oracle_eval/llm_stage8_multi_oracle_scores.parquet embedded://thesis-output-calculation/derived/reviewer_core_direct_calculations.csv
A15: NC0167-03 | B15: 같은 파운데이션 모델로 반복 실행했을 때 가장 가까운 후보행동이 일치한 비율은 평균 38.1%였다. 절반이 넘는 기업에서 제안행동의 구성이 달라진 것이다. 반면 기업별 효과의 순위상관은 Oracle-α 0.736, Oracle-β 0.669, Oracle-γ 0.864로 행동일치율보다 높았다. 제안한 행동의 구체적인 내용은 달라지더라도, 어느 기업에서 정책가치가 상대적으로 높거나 낮게 나타나는지는 더 비슷하게 반복되었다. | C15: 0.669 | D15: 0.669 | E15: 논문값과 일치 | F15: 세 동일모델 실행쌍의 기업별 정책가치 Spearman 순위상관 평균 (beta); 각 실행의 C4 자유작성 575개 기업을 row_id로 대응하고 행동은 candidate_id, 정책가치는 행동 점수-동일기업 무행동 점수로 계산 | G15: frozen_outputs/final_freeze/llm_runs/ICb_gpt54mini_p50_live_seed1/stage7_llm_action_generation/llm_stage7_action_table.parquet frozen_outputs/final_freeze/llm_runs/ICb_gpt54mini_p50_live_seed1/stage8_llm_multi_oracle_eval/llm_stage8_multi_oracle_scores.parquet frozen_outputs/final_freeze/llm_runs/N5M_C4C6_L1_unbounded_ICb_gpt54mini_p50_main_seed1_20260712_161725/stage7_llm_action_generation/llm_stage7_action_table.parquet frozen_outputs/final_freeze/llm_runs/N5M_C4C6_L1_unbounded_ICb_gpt54mini_p50_main_seed1_20260712_161725/stage8_llm_multi_oracle_eval/llm_stage8_multi_oracle_scores.parquet frozen_outputs/final_freeze/llm_runs/C4R_C4C4RC6_L1_unbounded_ICb_gpt54mini_p50_main_seed1_20260715_032728/stage7_llm_action_generation/llm_stage7_action_table.parquet frozen_outputs/final_freeze/llm_runs/C4R_C4C4RC6_L1_unbounded_ICb_gpt54mini_p50_main_seed1_20260715_032728/stage8_llm_multi_oracle_eval/llm_stage8_multi_oracle_scores.parquet frozen_outputs/final_freeze/llm_runs/ICb_gpt41mini_p50_live_seed1_postpatch_20260705_153820/stage7_llm_action_generation/llm_stage7_action_table.parquet frozen_outputs/final_freeze/llm_runs/ICb_gpt41mini_p50_live_seed1_postpatch_20260705_153820/stage8_llm_multi_oracle_eval/llm_stage8_multi_oracle_scores.parquet frozen_outputs/final_freeze/llm_runs/ICb_haiku45_p50_live_seed1_postpatch_20260705_190541/stage7_llm_action_generation/llm_stage7_action_table.parquet frozen_outputs/final_freeze/llm_runs/ICb_haiku45_p50_live_seed1_postpatch_20260705_190541/stage8_llm_multi_oracle_eval/llm_stage8_multi_oracle_scores.parquet embedded://thesis-output-calculation/derived/reviewer_core_direct_calculations.csv
A16: NC0167-04 | B16: 같은 파운데이션 모델로 반복 실행했을 때 가장 가까운 후보행동이 일치한 비율은 평균 38.1%였다. 절반이 넘는 기업에서 제안행동의 구성이 달라진 것이다. 반면 기업별 효과의 순위상관은 Oracle-α 0.736, Oracle-β 0.669, Oracle-γ 0.864로 행동일치율보다 높았다. 제안한 행동의 구체적인 내용은 달라지더라도, 어느 기업에서 정책가치가 상대적으로 높거나 낮게 나타나는지는 더 비슷하게 반복되었다. | C16: 0.864 | D16: 0.864 | E16: 논문값과 일치 | F16: 세 동일모델 실행쌍의 기업별 정책가치 Spearman 순위상관 평균 (gamma); 각 실행의 C4 자유작성 575개 기업을 row_id로 대응하고 행동은 candidate_id, 정책가치는 행동 점수-동일기업 무행동 점수로 계산 | G16: frozen_outputs/final_freeze/llm_runs/ICb_gpt54mini_p50_live_seed1/stage7_llm_action_generation/llm_stage7_action_table.parquet frozen_outputs/final_freeze/llm_runs/ICb_gpt54mini_p50_live_seed1/stage8_llm_multi_oracle_eval/llm_stage8_multi_oracle_scores.parquet frozen_outputs/final_freeze/llm_runs/N5M_C4C6_L1_unbounded_ICb_gpt54mini_p50_main_seed1_20260712_161725/stage7_llm_action_generation/llm_stage7_action_table.parquet frozen_outputs/final_freeze/llm_runs/N5M_C4C6_L1_unbounded_ICb_gpt54mini_p50_main_seed1_20260712_161725/stage8_llm_multi_oracle_eval/llm_stage8_multi_oracle_scores.parquet frozen_outputs/final_freeze/llm_runs/C4R_C4C4RC6_L1_unbounded_ICb_gpt54mini_p50_main_seed1_20260715_032728/stage7_llm_action_generation/llm_stage7_action_table.parquet frozen_outputs/final_freeze/llm_runs/C4R_C4C4RC6_L1_unbounded_ICb_gpt54mini_p50_main_seed1_20260715_032728/stage8_llm_multi_oracle_eval/llm_stage8_multi_oracle_scores.parquet frozen_outputs/final_freeze/llm_runs/ICb_gpt41mini_p50_live_seed1_postpatch_20260705_153820/stage7_llm_action_generation/llm_stage7_action_table.parquet frozen_outputs/final_freeze/llm_runs/ICb_gpt41mini_p50_live_seed1_postpatch_20260705_153820/stage8_llm_multi_oracle_eval/llm_stage8_multi_oracle_scores.parquet frozen_outputs/final_freeze/llm_runs/ICb_haiku45_p50_live_seed1_postpatch_20260705_190541/stage7_llm_action_generation/llm_stage7_action_table.parquet frozen_outputs/final_freeze/llm_runs/ICb_haiku45_p50_live_seed1_postpatch_20260705_190541/stage8_llm_multi_oracle_eval/llm_stage8_multi_oracle_scores.parquet embedded://thesis-output-calculation/derived/reviewer_core_direct_calculations.csv
A17: NC0168-01 | B17: 서로 다른 파운데이션 모델을 비교했을 때 가장 가까운 후보행동의 일치율은 평균 8.5%로 더 낮았다. 기업별 효과의 순위상관도 Oracle-α 0.633, Oracle-β 0.454, Oracle-γ 0.773으로 같은 파운데이션 모델을 반복 실행했을 때보다 낮아졌다. 다만 행동일치율처럼 거의 사라지지는 않았다. | C17: 8.5% | D17: 8.5 | E17: 논문값과 일치 | F17: 세 이종모델 실행쌍의 최근접 후보행동 일치율 평균; 각 실행의 C4 자유작성 575개 기업을 row_id로 대응하고 행동은 candidate_id, 정책가치는 행동 점수-동일기업 무행동 점수로 계산 | G17: frozen_outputs/final_freeze/llm_runs/ICb_gpt54mini_p50_live_seed1/stage7_llm_action_generation/llm_stage7_action_table.parquet frozen_outputs/final_freeze/llm_runs/ICb_gpt54mini_p50_live_seed1/stage8_llm_multi_oracle_eval/llm_stage8_multi_oracle_scores.parquet frozen_outputs/final_freeze/llm_runs/N5M_C4C6_L1_unbounded_ICb_gpt54mini_p50_main_seed1_20260712_161725/stage7_llm_action_generation/llm_stage7_action_table.parquet frozen_outputs/final_freeze/llm_runs/N5M_C4C6_L1_unbounded_ICb_gpt54mini_p50_main_seed1_20260712_161725/stage8_llm_multi_oracle_eval/llm_stage8_multi_oracle_scores.parquet frozen_outputs/final_freeze/llm_runs/C4R_C4C4RC6_L1_unbounded_ICb_gpt54mini_p50_main_seed1_20260715_032728/stage7_llm_action_generation/llm_stage7_action_table.parquet frozen_outputs/final_freeze/llm_runs/C4R_C4C4RC6_L1_unbounded_ICb_gpt54mini_p50_main_seed1_20260715_032728/stage8_llm_multi_oracle_eval/llm_stage8_multi_oracle_scores.parquet frozen_outputs/final_freeze/llm_runs/ICb_gpt41mini_p50_live_seed1_postpatch_20260705_153820/stage7_llm_action_generation/llm_stage7_action_table.parquet frozen_outputs/final_freeze/llm_runs/ICb_gpt41mini_p50_live_seed1_postpatch_20260705_153820/stage8_llm_multi_oracle_eval/llm_stage8_multi_oracle_scores.parquet frozen_outputs/final_freeze/llm_runs/ICb_haiku45_p50_live_seed1_postpatch_20260705_190541/stage7_llm_action_generation/llm_stage7_action_table.parquet frozen_outputs/final_freeze/llm_runs/ICb_haiku45_p50_live_seed1_postpatch_20260705_190541/stage8_llm_multi_oracle_eval/llm_stage8_multi_oracle_scores.parquet embedded://thesis-output-calculation/derived/reviewer_core_direct_calculations.csv
A18: NC0168-02 | B18: 서로 다른 파운데이션 모델을 비교했을 때 가장 가까운 후보행동의 일치율은 평균 8.5%로 더 낮았다. 기업별 효과의 순위상관도 Oracle-α 0.633, Oracle-β 0.454, Oracle-γ 0.773으로 같은 파운데이션 모델을 반복 실행했을 때보다 낮아졌다. 다만 행동일치율처럼 거의 사라지지는 않았다. | C18: 0.633 | D18: 0.633 | E18: 논문값과 일치 | F18: 세 이종모델 실행쌍의 기업별 정책가치 Spearman 순위상관 평균 (alpha); 각 실행의 C4 자유작성 575개 기업을 row_id로 대응하고 행동은 candidate_id, 정책가치는 행동 점수-동일기업 무행동 점수로 계산 | G18: frozen_outputs/final_freeze/llm_runs/ICb_gpt54mini_p50_live_seed1/stage7_llm_action_generation/llm_stage7_action_table.parquet frozen_outputs/final_freeze/llm_runs/ICb_gpt54mini_p50_live_seed1/stage8_llm_multi_oracle_eval/llm_stage8_multi_oracle_scores.parquet frozen_outputs/final_freeze/llm_runs/N5M_C4C6_L1_unbounded_ICb_gpt54mini_p50_main_seed1_20260712_161725/stage7_llm_action_generation/llm_stage7_action_table.parquet frozen_outputs/final_freeze/llm_runs/N5M_C4C6_L1_unbounded_ICb_gpt54mini_p50_main_seed1_20260712_161725/stage8_llm_multi_oracle_eval/llm_stage8_multi_oracle_scores.parquet frozen_outputs/final_freeze/llm_runs/C4R_C4C4RC6_L1_unbounded_ICb_gpt54mini_p50_main_seed1_20260715_032728/stage7_llm_action_generation/llm_stage7_action_table.parquet frozen_outputs/final_freeze/llm_runs/C4R_C4C4RC6_L1_unbounded_ICb_gpt54mini_p50_main_seed1_20260715_032728/stage8_llm_multi_oracle_eval/llm_stage8_multi_oracle_scores.parquet frozen_outputs/final_freeze/llm_runs/ICb_gpt41mini_p50_live_seed1_postpatch_20260705_153820/stage7_llm_action_generation/llm_stage7_action_table.parquet frozen_outputs/final_freeze/llm_runs/ICb_gpt41mini_p50_live_seed1_postpatch_20260705_153820/stage8_llm_multi_oracle_eval/llm_stage8_multi_oracle_scores.parquet frozen_outputs/final_freeze/llm_runs/ICb_haiku45_p50_live_seed1_postpatch_20260705_190541/stage7_llm_action_generation/llm_stage7_action_table.parquet frozen_outputs/final_freeze/llm_runs/ICb_haiku45_p50_live_seed1_postpatch_20260705_190541/stage8_llm_multi_oracle_eval/llm_stage8_multi_oracle_scores.parquet embedded://thesis-output-calculation/derived/reviewer_core_direct_calculations.csv
A19: NC0168-03 | B19: 서로 다른 파운데이션 모델을 비교했을 때 가장 가까운 후보행동의 일치율은 평균 8.5%로 더 낮았다. 기업별 효과의 순위상관도 Oracle-α 0.633, Oracle-β 0.454, Oracle-γ 0.773으로 같은 파운데이션 모델을 반복 실행했을 때보다 낮아졌다. 다만 행동일치율처럼 거의 사라지지는 않았다. | C19: 0.454 | D19: 0.454 | E19: 논문값과 일치 | F19: 세 이종모델 실행쌍의 기업별 정책가치 Spearman 순위상관 평균 (beta); 각 실행의 C4 자유작성 575개 기업을 row_id로 대응하고 행동은 candidate_id, 정책가치는 행동 점수-동일기업 무행동 점수로 계산 | G19: frozen_outputs/final_freeze/llm_runs/ICb_gpt54mini_p50_live_seed1/stage7_llm_action_generation/llm_stage7_action_table.parquet frozen_outputs/final_freeze/llm_runs/ICb_gpt54mini_p50_live_seed1/stage8_llm_multi_oracle_eval/llm_stage8_multi_oracle_scores.parquet frozen_outputs/final_freeze/llm_runs/N5M_C4C6_L1_unbounded_ICb_gpt54mini_p50_main_seed1_20260712_161725/stage7_llm_action_generation/llm_stage7_action_table.parquet frozen_outputs/final_freeze/llm_runs/N5M_C4C6_L1_unbounded_ICb_gpt54mini_p50_main_seed1_20260712_161725/stage8_llm_multi_oracle_eval/llm_stage8_multi_oracle_scores.parquet frozen_outputs/final_freeze/llm_runs/C4R_C4C4RC6_L1_unbounded_ICb_gpt54mini_p50_main_seed1_20260715_032728/stage7_llm_action_generation/llm_stage7_action_table.parquet frozen_outputs/final_freeze/llm_runs/C4R_C4C4RC6_L1_unbounded_ICb_gpt54mini_p50_main_seed1_20260715_032728/stage8_llm_multi_oracle_eval/llm_stage8_multi_oracle_scores.parquet frozen_outputs/final_freeze/llm_runs/ICb_gpt41mini_p50_live_seed1_postpatch_20260705_153820/stage7_llm_action_generation/llm_stage7_action_table.parquet frozen_outputs/final_freeze/llm_runs/ICb_gpt41mini_p50_live_seed1_postpatch_20260705_153820/stage8_llm_multi_oracle_eval/llm_stage8_multi_oracle_scores.parquet frozen_outputs/final_freeze/llm_runs/ICb_haiku45_p50_live_seed1_postpatch_20260705_190541/stage7_llm_action_generation/llm_stage7_action_table.parquet frozen_outputs/final_freeze/llm_runs/ICb_haiku45_p50_live_seed1_postpatch_20260705_190541/stage8_llm_multi_oracle_eval/llm_stage8_multi_oracle_scores.parquet embedded://thesis-output-calculation/derived/reviewer_core_direct_calculations.csv
A20: NC0168-04 | B20: 서로 다른 파운데이션 모델을 비교했을 때 가장 가까운 후보행동의 일치율은 평균 8.5%로 더 낮았다. 기업별 효과의 순위상관도 Oracle-α 0.633, Oracle-β 0.454, Oracle-γ 0.773으로 같은 파운데이션 모델을 반복 실행했을 때보다 낮아졌다. 다만 행동일치율처럼 거의 사라지지는 않았다. | C20: 0.773 | D20: 0.773 | E20: 논문값과 일치 | F20: 세 이종모델 실행쌍의 기업별 정책가치 Spearman 순위상관 평균 (gamma); 각 실행의 C4 자유작성 575개 기업을 row_id로 대응하고 행동은 candidate_id, 정책가치는 행동 점수-동일기업 무행동 점수로 계산 | G20: frozen_outputs/final_freeze/llm_runs/ICb_gpt54mini_p50_live_seed1/stage7_llm_action_generation/llm_stage7_action_table.parquet frozen_outputs/final_freeze/llm_runs/ICb_gpt54mini_p50_live_seed1/stage8_llm_multi_oracle_eval/llm_stage8_multi_oracle_scores.parquet frozen_outputs/final_freeze/llm_runs/N5M_C4C6_L1_unbounded_ICb_gpt54mini_p50_main_seed1_20260712_161725/stage7_llm_action_generation/llm_stage7_action_table.parquet frozen_outputs/final_freeze/llm_runs/N5M_C4C6_L1_unbounded_ICb_gpt54mini_p50_main_seed1_20260712_161725/stage8_llm_multi_oracle_eval/llm_stage8_multi_oracle_scores.parquet frozen_outputs/final_freeze/llm_runs/C4R_C4C4RC6_L1_unbounded_ICb_gpt54mini_p50_main_seed1_20260715_032728/stage7_llm_action_generation/llm_stage7_action_table.parquet frozen_outputs/final_freeze/llm_runs/C4R_C4C4RC6_L1_unbounded_ICb_gpt54mini_p50_main_seed1_20260715_032728/stage8_llm_multi_oracle_eval/llm_stage8_multi_oracle_scores.parquet frozen_outputs/final_freeze/llm_runs/ICb_gpt41mini_p50_live_seed1_postpatch_20260705_153820/stage7_llm_action_generation/llm_stage7_action_table.parquet frozen_outputs/final_freeze/llm_runs/ICb_gpt41mini_p50_live_seed1_postpatch_20260705_153820/stage8_llm_multi_oracle_eval/llm_stage8_multi_oracle_scores.parquet frozen_outputs/final_freeze/llm_runs/ICb_haiku45_p50_live_seed1_postpatch_20260705_190541/stage7_llm_action_generation/llm_stage7_action_table.parquet frozen_outputs/final_freeze/llm_runs/ICb_haiku45_p50_live_seed1_postpatch_20260705_190541/stage8_llm_multi_oracle_eval/llm_stage8_multi_oracle_scores.parquet embedded://thesis-output-calculation/derived/reviewer_core_direct_calculations.csv
A23: 계산 데이터: repeatability_pair_metrics
A24: 입력 파일 | B24: embedded://thesis-output-calculation/derived/repeatability_pair_calculations.csv
A25: 선택 조건 | B25: []
A26: 분석 단위 | B26: comparison_group; row_kind; pair
A27: 집계
A28: comparison_group | B28: row_kind | C28: pair | D28: n_firms | E28: nearest_candidate_match_pct | F28: rank_corr_alpha | G28: rank_corr_beta | H28: rank_corr_gamma
A29: ='SOURCE'!A7 | B29: ='SOURCE'!B7 | C29: ='SOURCE'!C7 | D29: ='SOURCE'!D7 | E29: ='SOURCE'!E7 | F29: ='SOURCE'!F7 | G29: ='SOURCE'!G7 | H29: ='SOURCE'!H7
A30: ='SOURCE'!A8 | B30: ='SOURCE'!B8 | C30: ='SOURCE'!C8 | D30: ='SOURCE'!D8 | E30: ='SOURCE'!E8 | F30: ='SOURCE'!F8 | G30: ='SOURCE'!G8 | H30: ='SOURCE'!H8
A31: ='SOURCE'!A9 | B31: ='SOURCE'!B9 | C31: ='SOURCE'!C9 | D31: ='SOURCE'!D9 | E31: ='SOURCE'!E9 | F31: ='SOURCE'!F9 | G31: ='SOURCE'!G9 | H31: ='SOURCE'!H9
A32: ='SOURCE'!A10 | B32: ='SOURCE'!B10 | C32: ='SOURCE'!C10 | D32: ='SOURCE'!D10 | E32: ='SOURCE'!E10 | F32: ='SOURCE'!F10 | G32: ='SOURCE'!G10 | H32: ='SOURCE'!H10
A33: ='SOURCE'!A11 | B33: ='SOURCE'!B11 | C33: ='SOURCE'!C11 | D33: ='SOURCE'!D11 | E33: ='SOURCE'!E11 | F33: ='SOURCE'!F11 | G33: ='SOURCE'!G11 | H33: ='SOURCE'!H11
A34: ='SOURCE'!A12 | B34: ='SOURCE'!B12 | C34: ='SOURCE'!C12 | D34: ='SOURCE'!D12 | E34: ='SOURCE'!E12 | F34: ='SOURCE'!F12 | G34: ='SOURCE'!G12 | H34: ='SOURCE'!H12
A35: ='SOURCE'!A13 | B35: ='SOURCE'!B13 | C35: ='SOURCE'!C13 | D35: ='SOURCE'!D13 | E35: ='SOURCE'!E13 | F35: ='SOURCE'!F13 | G35: ='SOURCE'!G13 | H35: ='SOURCE'!H13
A36: ='SOURCE'!A14 | B36: ='SOURCE'!B14 | C36: ='SOURCE'!C14 | D36: ='SOURCE'!D14 | E36: ='SOURCE'!E14 | F36: ='SOURCE'!F14 | G36: ='SOURCE'!G14 | H36: ='SOURCE'!H14
A37: ='SOURCE'!A15 | B37: ='SOURCE'!B15 | C37: ='SOURCE'!C15 | D37: ='SOURCE'!D15 | E37: ='SOURCE'!E15 | F37: ='SOURCE'!F15 | G37: ='SOURCE'!G15 | H37: ='SOURCE'!H15
A38: ='SOURCE'!A16 | B38: ='SOURCE'!B16 | C38: ='SOURCE'!C16 | D38: ='SOURCE'!D16 | E38: ='SOURCE'!E16 | F38: ='SOURCE'!F16 | G38: ='SOURCE'!G16 | H38: ='SOURCE'!H16
A39: ='SOURCE'!A17 | B39: ='SOURCE'!B17 | C39: ='SOURCE'!C17 | D39: ='SOURCE'!D17 | E39: ='SOURCE'!E17 | F39: ='SOURCE'!F17 | G39: ='SOURCE'!G17 | H39: ='SOURCE'!H17
A40: ='SOURCE'!A18 | B40: ='SOURCE'!B18 | C40: ='SOURCE'!C18 | D40: ='SOURCE'!D18 | E40: ='SOURCE'!E18 | F40: ='SOURCE'!F18 | G40: ='SOURCE'!G18 | H40: ='SOURCE'!H18

Sheet PAPER_TABLE
A1: T5-8 · 논문 표 작업용 결과
A2: ANALYSIS에서 계산된 값만 연결한 최종 작업표입니다. Excel에서 정렬·피벗·표시형식만 조정하면 됩니다.
A4: 계산 결과: repeatability_pair_metrics
A5: ='CALCULATION'!A28 | B5: ='CALCULATION'!B28 | C5: ='CALCULATION'!C28 | D5: ='CALCULATION'!D28 | E5: ='CALCULATION'!E28 | F5: ='CALCULATION'!F28 | G5: ='CALCULATION'!G28 | H5: ='CALCULATION'!H28
A6: ='CALCULATION'!A29 | B6: ='CALCULATION'!B29 | C6: ='CALCULATION'!C29 | D6: ='CALCULATION'!D29 | E6: ='CALCULATION'!E29 | F6: ='CALCULATION'!F29 | G6: ='CALCULATION'!G29 | H6: ='CALCULATION'!H29
A7: ='CALCULATION'!A30 | B7: ='CALCULATION'!B30 | C7: ='CALCULATION'!C30 | D7: ='CALCULATION'!D30 | E7: ='CALCULATION'!E30 | F7: ='CALCULATION'!F30 | G7: ='CALCULATION'!G30 | H7: ='CALCULATION'!H30
A8: ='CALCULATION'!A31 | B8: ='CALCULATION'!B31 | C8: ='CALCULATION'!C31 | D8: ='CALCULATION'!D31 | E8: ='CALCULATION'!E31 | F8: ='CALCULATION'!F31 | G8: ='CALCULATION'!G31 | H8: ='CALCULATION'!H31
A9: ='CALCULATION'!A32 | B9: ='CALCULATION'!B32 | C9: ='CALCULATION'!C32 | D9: ='CALCULATION'!D32 | E9: ='CALCULATION'!E32 | F9: ='CALCULATION'!F32 | G9: ='CALCULATION'!G32 | H9: ='CALCULATION'!H32
A10: ='CALCULATION'!A33 | B10: ='CALCULATION'!B33 | C10: ='CALCULATION'!C33 | D10: ='CALCULATION'!D33 | E10: ='CALCULATION'!E33 | F10: ='CALCULATION'!F33 | G10: ='CALCULATION'!G33 | H10: ='CALCULATION'!H33
A11: ='CALCULATION'!A34 | B11: ='CALCULATION'!B34 | C11: ='CALCULATION'!C34 | D11: ='CALCULATION'!D34 | E11: ='CALCULATION'!E34 | F11: ='CALCULATION'!F34 | G11: ='CALCULATION'!G34 | H11: ='CALCULATION'!H34
A12: ='CALCULATION'!A35 | B12: ='CALCULATION'!B35 | C12: ='CALCULATION'!C35 | D12: ='CALCULATION'!D35 | E12: ='CALCULATION'!E35 | F12: ='CALCULATION'!F35 | G12: ='CALCULATION'!G35 | H12: ='CALCULATION'!H35
A13: ='CALCULATION'!A36 | B13: ='CALCULATION'!B36 | C13: ='CALCULATION'!C36 | D13: ='CALCULATION'!D36 | E13: ='CALCULATION'!E36 | F13: ='CALCULATION'!F36 | G13: ='CALCULATION'!G36 | H13: ='CALCULATION'!H36
A14: ='CALCULATION'!A37 | B14: ='CALCULATION'!B37 | C14: ='CALCULATION'!C37 | D14: ='CALCULATION'!D37 | E14: ='CALCULATION'!E37 | F14: ='CALCULATION'!F37 | G14: ='CALCULATION'!G37 | H14: ='CALCULATION'!H37
A15: ='CALCULATION'!A38 | B15: ='CALCULATION'!B38 | C15: ='CALCULATION'!C38 | D15: ='CALCULATION'!D38 | E15: ='CALCULATION'!E38 | F15: ='CALCULATION'!F38 | G15: ='CALCULATION'!G38 | H15: ='CALCULATION'!H38
A16: ='CALCULATION'!A39 | B16: ='CALCULATION'!B39 | C16: ='CALCULATION'!C39 | D16: ='CALCULATION'!D39 | E16: ='CALCULATION'!E39 | F16: ='CALCULATION'!F39 | G16: ='CALCULATION'!G39 | H16: ='CALCULATION'!H39
A17: ='CALCULATION'!A40 | B17: ='CALCULATION'!B40 | C17: ='CALCULATION'!C40 | D17: ='CALCULATION'!D40 | E17: ='CALCULATION'!E40 | F17: ='CALCULATION'!F40 | G17: ='CALCULATION'!G40 | H17: ='CALCULATION'!H40
