Workbook

Sheet README
A1: T4-2 · 표 4-2. 검사 3의 DEV·OOT·POST 결과
A2: 논문 인쇄값을 계산 입력으로 쓰지 않고, 선택 실행의 실제 산출물에서 값을 계산한 Excel입니다.
A4: 항목 | B4: 내용
A5: 선택 실행 | B5: V11_FINAL_FROZEN_REPLAY_RESUME
A6: 실행 방식 | B6: FrozenReplay
A7: 논문 항목 읽기 | B7: 논문 DOCX에서 번호·제목·위치만 동적으로 읽음
A8: 논문 위치 | B8: 4.2 Simulator의 회계항등식 준수와 평가결과 검증 · 인쇄면 47
A9: 관측·집계 단위 | B9: property + metric + split
A10: 선택 조건 | B10: [[{"column": "property", "op": "in", "values": ["P1_wedge", "P2_rank", "P3_direction"]}, {"column": "metric", "op": "in", "values": ["median", "spearman", "agreement"]}, {"column": "split", "op": "in", "values": ["dev", "oot", "post"]}], [{"column": "property", "op": "equals", "value": "P1_wedge"}, {"column": "metric", "op": "equals", "value": "share_positive"}, {"column": "split", "op": "equals", "value": "overall"}]]
A11: 계산 방법 | B11: 선택 실행 산출물에 명시된 조건을 적용하고 논문 분석단위로 행·열을 정리
A12: 생산 코드 | B12: src/credit_recourse/analysis/paper_repro_analysis.py
A13: 실제 입력 산출물 | B13: frozen_outputs/analysis/paper_repro/01_substrate_validation/test3_counterfactual_fidelity/test3_property_summary.csv frozen_outputs/analysis/paper_repro/01_substrate_validation/test3_counterfactual_fidelity/test3_rows.csv

Sheet SOURCE
A1: T4-2 · 실제 입력 산출물
A2: 선택 실행에서 읽은 실제 중간·최종 산출물입니다. 아래 ANALYSIS가 이 셀들을 직접 참조합니다.
A4: 입력 1: frozen_outputs/analysis/paper_repro/01_substrate_validation/test3_counterfactual_fidelity/test3_property_summary.csv
A5: 파일 크기(bytes) | B5: 1347 | C5: 생산 코드 | D5: src/credit_recourse/analysis/paper_repro_analysis.py | E5: SHA256 | F5: 0A507B39A6D90E9448B10A1DF7DC7867A7C4307282C52234EFC84CA2CCC82744 | G5: 읽기 상태 | H5: OK
A6: property | B6: metric | C6: split | D6: value | E6: n | F6: ci95_lo | G6: ci95_hi
A7: P1_wedge | B7: median | C7: overall | D7: 10.822667 | E7: 2324
A8: P1_wedge | B8: share_positive | C8: overall | D8: 0.97590361 | E8: 2324
A9: P2_rank | B9: spearman | C9: overall | D9: 0.90321396 | E9: 2324
A10: P3_direction | B10: agreement | C10: overall | D10: 0.71805897 | E10: 1628 | F10: 0.69570888 | G10: 0.73938241
A11: P1_wedge | B11: median | C11: dev | D11: 10.841762 | E11: 975
A12: P1_wedge | B12: share_positive | C12: dev | D12: 0.9774359 | E12: 975
A13: P2_rank | B13: spearman | C13: dev | D13: 0.90653295 | E13: 975
A14: P3_direction | B14: agreement | C14: dev | D14: 0.71203438 | E14: 698 | F14: 0.67735339 | G14: 0.74439428
A15: P1_wedge | B15: median | C15: oot | D15: 10.699914 | E15: 925
A16: P1_wedge | B16: share_positive | C16: oot | D16: 0.9772973 | E16: 925
A17: P2_rank | B17: spearman | C17: oot | D17: 0.90338756 | E17: 925
A18: P3_direction | B18: agreement | C18: oot | D18: 0.71689498 | E18: 657 | F18: 0.68126307 | G18: 0.75000527
A19: P1_wedge | B19: median | C19: post | D19: 11.15475 | E19: 424
A20: P1_wedge | B20: share_positive | C20: post | D20: 0.96933962 | E20: 424
A21: P2_rank | B21: spearman | C21: post | D21: 0.8917268 | E21: 424
A22: P3_direction | B22: agreement | C22: post | D22: 0.73626374 | E22: 273 | F22: 0.68097393 | G22: 0.78499674
A23: P1_wedge | B23: yearly_median_max_abs_dev_from_dev | C23: all_years | D23: 2.2554123
A24: P1_wedge | B24: dev_to_oot_median_shift | C24: dev→oot | D24: -0.14184791
A25: P3_direction | B25: direction_oot_revenue_not_at_bound | C25: oot | D25: 0.69631902 | E25: 326
A26: P3_direction | B26: direction_oot_revenue_at_bound | C26: oot | D26: 0.73716012 | E26: 331
A29: 입력 2: frozen_outputs/analysis/paper_repro/01_substrate_validation/test3_counterfactual_fidelity/test3_rows.csv
A30: 파일 크기(bytes) | B30: 278139 | C30: 생산 코드 | D30: src/credit_recourse/analysis/paper_repro_analysis.py | E30: SHA256 | F30: E5137FFAF32A324AD51434B625DFA4AAABD5FBC4DE6E5C6223843B09546DA34F | G30: 읽기 상태 | H30: OK
A31: firm_id | B31: fiscal_year | C31: target_year | D31: split | E31: sim_t | F31: emp_t | G31: emp_tm1 | H31: wedge | I31: d_emp | J31: d_sim_adjusted | K31: direction_match
A32: 20 | B32: 2020 | C32: 2021 | D32: oot | E32: 78.615273 | F32: 72.031866 | H32: 6.5834068
A33: 20 | B33: 2021 | C33: 2022 | D33: oot | E33: 78.615273 | F33: 67.915359 | G33: 72.031866 | H33: 10.699914 | I33: -4.1165076 | J33: -4.2583555 | K33: 1
A34: 20 | B34: 2022 | C34: 2023 | D34: oot | E34: 80.229752 | F34: 66.380973 | G34: 67.915359 | H34: 13.848779 | I34: -1.5343859 | J34: 1.472631 | K34: 0
A35: 20 | B35: 2023 | C35: 2024 | D35: post | E35: 79.009371 | F35: 69.529838 | G35: 66.380973 | H35: 9.4795328 | I35: 3.1488649 | J35: 1.7866352 | K35: 1
A36: 100 | B36: 2010 | C36: 2011 | D36: dev | E36: 70.137819 | F36: 61.709409 | H36: 8.4284092
A37: 100 | B37: 2014 | C37: 2015 | D37: dev | E37: 83.933637 | F37: 74.031655 | H37: 9.9019822
A38: 100 | B38: 2015 | C38: 2016 | D38: dev | E38: 85.452939 | F38: 74.942428 | G38: 74.031655 | H38: 10.51051 | I38: 0.91077313 | J38: 0.57952106 | K38: 1
A39: 100 | B39: 2016 | C39: 2017 | D39: dev | E39: 84.803522 | F39: 76.084346 | G39: 74.942428 | H39: 8.7191766 | I39: 1.1419176 | J39: -0.98066819 | K39: 0
A40: 100 | B40: 2017 | C40: 2018 | D40: dev | E40: 85.458674 | F40: 76.360432 | G40: 76.084346 | H40: 9.0982421 | I40: 0.27608621 | J40: -1.4674341 | K40: 0
A41: 100 | B41: 2018 | C41: 2019 | D41: dev | E41: 83.069891 | F41: 75.547017 | G41: 76.360432 | H41: 7.5228748 | I41: -0.81341541 | J41: -4.132303 | K41: 1
A42: 100 | B42: 2019 | C42: 2020 | D42: oot | E42: 78.652548 | F42: 72.52969 | G42: 75.547017 | H42: 6.1228579 | I42: -3.0173268 | J42: -7.7362313 | K42: 1
A43: 100 | B43: 2020 | C43: 2021 | D43: oot | E43: 76.34328 | F43: 68.81168 | G43: 72.52969 | H43: 7.5315997 | I43: -3.7180098 | J43: -7.0281725 | K43: 1
A44: 100 | B44: 2021 | C44: 2022 | D44: oot | E44: 76.34328 | F44: 65.643365 | G44: 68.81168 | H44: 10.699914 | I44: -3.1683148 | J44: -3.3101627 | K44: 1
A45: 100 | B45: 2022 | C45: 2023 | D45: oot | E45: 79.327454 | F45: 65.832769 | G45: 65.643365 | H45: 13.494685 | I45: 0.18940416 | J45: 2.8423265 | K45: 1
A46: 100 | B46: 2023 | C46: 2024 | D46: post | E46: 83.085352 | F46: 68.142037 | G46: 65.832769 | H46: 14.943314 | I46: 2.3092681 | J46: 6.4108198 | K46: 1
A47: 120 | B47: 2009 | C47: 2010 | D47: dev | E47: 67.873399 | F47: 63.908041 | H47: 3.9653582
A48: 120 | B48: 2013 | C48: 2014 | D48: dev | E48: 84.352804 | F48: 75.203834 | H48: 9.1489692
A49: 230 | B49: 2014 | C49: 2015 | D49: dev | E49: 81.895561 | F49: 67.09371 | H49: 14.801852
A50: 230 | B50: 2015 | C50: 2016 | D50: dev | E50: 82.927992 | F50: 71.527196 | G50: 67.09371 | H50: 11.400796 | I50: 4.4334866 | J50: 4.9925198 | K50: 1
A51: 240 | B51: 2009 | C51: 2010 | D51: dev | E51: 89.250924 | F51: 73.782541 | H51: 15.468382
A52: 240 | B52: 2010 | C52: 2011 | D52: dev | E52: 86.019061 | F52: 80.066185 | G52: 73.782541 | H52: 5.952876 | I52: 6.2836437 | J52: 1.3947573 | K52: 1
A53: 250 | B53: 2019 | C53: 2020 | D53: oot | E53: 78.457811 | F53: 71.069869 | H53: 7.3879423
A54: 250 | B54: 2020 | C54: 2021 | D54: oot | E54: 68.428569 | F54: 65.694764 | G54: 71.069869 | H54: 2.7338051 | I54: -5.375105 | J54: -13.483062 | K54: 1
A55: 250 | B55: 2021 | C55: 2022 | D55: oot | E55: 66.653151 | F55: 56.085399 | G55: 65.694764 | H55: 10.567752 | I55: -9.6093652 | J55: -9.8833757 | K55: 1
A56: 250 | B56: 2022 | C56: 2023 | D56: oot | E56: 67.125185 | F56: 54.168277 | G56: 56.085399 | H56: 12.956908 | I56: -1.9171214 | J56: 0.19802412 | K56: 0
A57: 250 | B57: 2023 | C57: 2024 | D57: post | E57: 65.248114 | F57: 54.168277 | G57: 54.168277 | H57: 11.079837 | I57: 0 | J57: 0.23807477
A58: 390 | B58: 2018 | C58: 2019 | D58: dev | E58: 77.895617 | F58: 66.027708 | H58: 11.867909
A59: 640 | B59: 2012 | C59: 2013 | D59: dev | E59: 82.240504 | F59: 68.249236 | H59: 13.991268
A60: 640 | B60: 2013 | C60: 2014 | D60: dev | E60: 65.809092 | F60: 55.659883 | G60: 68.249236 | H60: 10.149209 | I60: -12.589353 | J60: -13.281906 | K60: 1
A61: 640 | B61: 2014 | C61: 2015 | D61: dev | E61: 61.840002 | F61: 57.419247 | G61: 55.659883 | H61: 4.4207554 | I61: 1.759364 | J61: -4.661643 | K61: 0
A62: 640 | B62: 2015 | C62: 2016 | D62: dev | E62: 47.101334 | F62: 55.137686 | G62: 57.419247 | H62: -8.0363513 | I62: -2.2815613 | J62: -21.159675 | K62: 1
A63: 640 | B63: 2016 | C63: 2017 | D63: dev | E63: 43.679197 | F63: 49.530723 | G63: 55.137686 | H63: -5.851526 | I63: -5.6069626 | J63: -22.300251 | K63: 1
A64: 640 | B64: 2017 | C64: 2018 | D64: dev | E64: 46.551091 | F64: 42.134414 | G64: 49.530723 | H64: 4.4166772 | I64: -7.3963092 | J64: -13.821394 | K64: 1
A65: 640 | B65: 2018 | C65: 2019 | D65: dev | E65: 47.006784 | F65: 40.108898 | G65: 42.134414 | H65: 6.897886 | I65: -2.0255158 | J65: -5.9693922 | K65: 1
A66: 640 | B66: 2019 | C66: 2020 | D66: oot | E66: 51.919569 | F66: 46.563394 | G66: 40.108898 | H66: 5.3561749 | I66: 6.4544959 | J66: 0.96890843 | K66: 1
A67: 680 | B67: 2019 | C67: 2020 | D67: oot | E67: 63.282292 | F67: 62.413411 | H67: 0.86888171
A68: 680 | B68: 2020 | C68: 2021 | D68: oot | E68: 62.017555 | F68: 58.11607 | G68: 62.413411 | H68: 3.9014857 | I68: -4.297341 | J68: -11.237618 | K68: 1
A69: 990 | B69: 2011 | C69: 2012 | D69: dev | E69: 41.614221 | F69: 31.802119 | H69: 9.8121021
A70: 990 | B70: 2012 | C70: 2013 | D70: dev | E70: 45.234486 | F70: 31.953016 | G70: 31.802119 | H70: 13.28147 | I70: 0.1508972 | J70: 2.5906046 | K70: 1
A71: 990 | B71: 2013 | C71: 2014 | D71: dev | E71: 42.329637 | F71: 35.846611 | G71: 31.953016 | H71: 6.4830261 | I71: 3.8935948 | J71: -0.46514145 | K71: 0
A72: 990 | B72: 2014 | C72: 2015 | D72: dev | E72: 51.368014 | F72: 31.953016 | G72: 35.846611 | H72: 19.414998 | I72: -3.8935948 | J72: 4.679641 | K72: 0
A73: 990 | B73: 2015 | C73: 2016 | D73: dev | E73: 56.884539 | F73: 42.256225 | G73: 31.953016 | H73: 14.628314 | I73: 10.303209 | J73: 14.089761 | K73: 1
A74: 990 | B74: 2019 | C74: 2020 | D74: oot | E74: 67.117286 | F74: 57.082991 | H74: 10.034296
A75: 990 | B75: 2020 | C75: 2021 | D75: oot | E75: 70.266151 | F75: 57.309243 | G75: 57.082991 | H75: 12.956908 | I75: 0.22625252 | J75: 2.3413981 | K75: 1
A76: 990 | B76: 2021 | C76: 2022 | D76: oot | E76: 75.776957 | F76: 61.317155 | G76: 57.309243 | H76: 14.459802 | I76: 4.0079116 | J76: 7.6259511 | K76: 1
A77: 990 | B77: 2022 | C77: 2023 | D77: oot | E77: 76.003209 | F77: 65.074957 | G77: 61.317155 | H77: 10.928252 | I77: 3.7578022 | J77: 3.844292 | K77: 1
A78: 990 | B78: 2023 | C78: 2024 | D78: post | E78: 71.50687 | F78: 63.764818 | G78: 65.074957 | H78: 7.7420525 | I78: -1.3101397 | J78: -4.4098496 | K78: 1
A79: 1060 | B79: 2023 | C79: 2024 | D79: post | E79: 70.638262 | F79: 60.031297 | H79: 10.606965
A80: 1070 | B80: 2020 | C80: 2021 | D80: oot | E80: 76.326463 | F80: 65.473083 | H80: 10.85338
A81: 1210 | B81: 2023 | C81: 2024 | D81: post | E81: 49.745053 | F81: 27.873823 | H81: 21.871231
A82: 1230 | B82: 2019 | C82: 2020 | D82: oot | E82: 76.821263 | F82: 57.263464 | H82: 19.557799
A83: 1230 | B83: 2020 | C83: 2021 | D83: oot | E83: 78.875446 | F83: 60.575142 | G83: 57.263464 | H83: 18.300304 | I83: 3.3116776 | J83: 10.770219 | K83: 1
A84: 1230 | B84: 2021 | C84: 2022 | D84: oot | E84: 80.313226 | F84: 66.333301 | G84: 60.575142 | H84: 13.979925 | I84: 5.7581593 | J84: 8.8963219 | K84: 1
A85: 1230 | B85: 2022 | C85: 2023 | D85: oot | E85: 84.198716 | F85: 66.333301 | G85: 66.333301 | H85: 17.865415 | I85: 0 | J85: 7.0236524
A86: 1230 | B86: 2023 | C86: 2024 | D86: post | E86: 67.825492 | F86: 55.764591 | G86: 66.333301 | H86: 12.060901 | I86: -10.56871 | J86: -9.3495718 | K86: 1
A87: 1340 | B87: 2020 | C87: 2021 | D87: oot | E87: 67.713841 | F87: 59.875545 | H87: 7.8382964
A88: 1340 | B88: 2021 | C88: 2022 | D88: oot | E88: 71.893355 | F88: 63.777373 | G88: 59.875545 | H88: 8.1159818 | I88: 3.9018283 | J88: 1.1760477 | K88: 1
A89: 1340 | B89: 2022 | C89: 2023 | D89: oot | E89: 72.069169 | F89: 64.178062 | G89: 63.777373 | H89: 7.8911075 | I89: 0.4006888 | J89: -2.5499661 | K89: 0
A90: 1340 | B90: 2023 | C90: 2024 | D90: post | E90: 65.048749 | F90: 65.883361 | G90: 64.178062 | H90: -0.83461223 | I90: 1.7052991 | J90: -9.9710756 | K90: 0
A91: 1430 | B91: 2017 | C91: 2018 | D91: dev | E91: 82.984777 | F91: 68.906181 | H91: 14.078596
A92: 1430 | B92: 2018 | C92: 2019 | D92: dev | E92: 81.980018 | F92: 69.551655 | G92: 68.906181 | H92: 12.428363 | I92: 0.64547362 | J92: 2.2320745 | K92: 1
A93: 1430 | B93: 2019 | C93: 2020 | D93: oot | E93: 79.442578 | F93: 66.798755 | G93: 69.551655 | H93: 12.643823 | I93: -2.7528995 | J93: -0.95083885 | K93: 1
A94: 1430 | B94: 2020 | C94: 2021 | D94: oot | E94: 68.825565 | F94: 62.32853 | G94: 66.798755 | H94: 6.4970353 | I94: -4.4702255 | J94: -8.8149526 | K94: 1
A95: 1430 | B95: 2021 | C95: 2022 | D95: oot | E95: 73.643143 | F95: 65.086315 | G95: 62.32853 | H95: 8.5568271 | I95: 2.7577858 | J95: 0.47285054 | K95: 1
A96: 1440 | B96: 2016 | C96: 2017 | D96: dev | E96: 57.175281 | F96: 40.757491 | H96: 16.41779
A97: 1520 | B97: 2017 | C97: 2018 | D97: dev | E97: 72.474142 | F97: 60.097097 | H97: 12.377045
A98: 1520 | B98: 2018 | C98: 2019 | D98: dev | E98: 74.668591 | F98: 59.037419 | G98: 60.097097 | H98: 15.631172 | I98: -1.0596775 | J98: 3.729732 | K98: 0
A99: 1540 | B99: 2021 | C99: 2022 | D99: oot | E99: 81.095508 | F99: 76.127204 | H99: 4.9683039
A100: 1540 | B100: 2022 | C100: 2023 | D100: oot | E100: 83.135367 | F100: 73.437214 | G100: 76.127204 | H100: 9.6981529 | I100: -2.6899899 | J100: -3.8335994 | K100: 1
A101: 1540 | B101: 2023 | C101: 2024 | D101: post | E101: 83.987612 | F101: 73.663467 | G101: 73.437214 | H101: 10.324145 | I101: 0.22625252 | J101: -0.2913645 | K101: 0
A102: 1560 | B102: 2023 | C102: 2024 | D102: post | E102: 75.269625 | F102: 65.791256 | H102: 9.478369
A103: 1620 | B103: 2022 | C103: 2023 | D103: oot | E103: 63.876539 | F103: 48.73061 | H103: 15.145929
...

Sheet CALCULATION
A1: T4-2 · 분석 과정
A2: 필터·분석단위와 실제 계산 결과입니다. 수치 셀은 SOURCE를 직접 참조합니다.
A4: 항목 | B4: 내용
A5: 계산 방법 | B5: 선택 실행 산출물에 명시된 조건을 적용하고 논문 분석단위로 행·열을 정리
A6: 생산 코드 | B6: src/credit_recourse/analysis/paper_repro_analysis.py
A7: 선택 실행 | B7: V11_FINAL_FROZEN_REPLAY_RESUME
A11: 이 표·그림과 연결된 본문 핵심 수치
A12: 수치 ID | B12: 본문 주장 | C12: 논문 표시값 | D12: 재계산값 | E12: 확인 결과 | F12: 계산식 | G12: 실제 입력 산출물
A13: NC0117-01 | B13: Simulator 신용평점과 실제 상태를 다시 계산한 신용평점의 차이 중앙값은 DEV 10.842점, OOT 10.700점, POST 11.155점이었다. 전체 자료의 97.6%에서 Simulator 신용평점이 더 높았다. 따라서 Simulator를 실제 다음 해 신용평점의 절대값을 예측하는 모형으로 사용할 수는 없다. 다만 세 기간에서 차이의 크기가 비슷하게 나타났다는 점은 이러한 차이가 특정 기간에만 발생한 현상은 아님을 보여준다. | C13: 10.842점 | D13: 10.842 | E13: 논문값과 일치 | F13: MEDIAN(simulator_score - observed_state_score) on DEV | G13: frozen_outputs/analysis/paper_repro/01_substrate_validation/test3_counterfactual_fidelity/test3_property_summary.csv
A14: NC0117-02 | B14: Simulator 신용평점과 실제 상태를 다시 계산한 신용평점의 차이 중앙값은 DEV 10.842점, OOT 10.700점, POST 11.155점이었다. 전체 자료의 97.6%에서 Simulator 신용평점이 더 높았다. 따라서 Simulator를 실제 다음 해 신용평점의 절대값을 예측하는 모형으로 사용할 수는 없다. 다만 세 기간에서 차이의 크기가 비슷하게 나타났다는 점은 이러한 차이가 특정 기간에만 발생한 현상은 아님을 보여준다. | C14: 10.700점 | D14: 10.7 | E14: 논문값과 일치 | F14: MEDIAN(simulator_score - observed_state_score) on OOT | G14: frozen_outputs/analysis/paper_repro/01_substrate_validation/test3_counterfactual_fidelity/test3_property_summary.csv
A15: NC0117-03 | B15: Simulator 신용평점과 실제 상태를 다시 계산한 신용평점의 차이 중앙값은 DEV 10.842점, OOT 10.700점, POST 11.155점이었다. 전체 자료의 97.6%에서 Simulator 신용평점이 더 높았다. 따라서 Simulator를 실제 다음 해 신용평점의 절대값을 예측하는 모형으로 사용할 수는 없다. 다만 세 기간에서 차이의 크기가 비슷하게 나타났다는 점은 이러한 차이가 특정 기간에만 발생한 현상은 아님을 보여준다. | C15: 11.155점 | D15: 11.155 | E15: 논문값과 일치 | F15: MEDIAN(simulator_score - observed_state_score) on POST | G15: frozen_outputs/analysis/paper_repro/01_substrate_validation/test3_counterfactual_fidelity/test3_property_summary.csv
A16: NC0117-04 | B16: Simulator 신용평점과 실제 상태를 다시 계산한 신용평점의 차이 중앙값은 DEV 10.842점, OOT 10.700점, POST 11.155점이었다. 전체 자료의 97.6%에서 Simulator 신용평점이 더 높았다. 따라서 Simulator를 실제 다음 해 신용평점의 절대값을 예측하는 모형으로 사용할 수는 없다. 다만 세 기간에서 차이의 크기가 비슷하게 나타났다는 점은 이러한 차이가 특정 기간에만 발생한 현상은 아님을 보여준다. | C16: 97.6% | D16: 97.6 | E16: 논문값과 일치 | F16: 100 * MEAN(simulator_score - observed_state_score > 0) | G16: frozen_outputs/analysis/paper_repro/01_substrate_validation/test3_counterfactual_fidelity/test3_property_summary.csv
A17: NC0119-01 | B17: OOT에서 Simulator 신용평점과 실제 상태 신용평점의 기업 순위상관은 0.903이었다. Simulator가 신용평점을 실제보다 높게 계산하더라도 상대적으로 우량한 기업과 취약한 기업의 순서는 대체로 유지되었다. | C17: 0.903 | D17: 0.903 | E17: 논문값과 일치 | F17: SPEARMAN(simulator_score, observed_state_score) on OOT | G17: frozen_outputs/analysis/paper_repro/01_substrate_validation/test3_counterfactual_fidelity/test3_property_summary.csv
A18: NC0120-02 | B18: P3에서는 DEV의 신용평점 차이 중앙값 10.8418점을 보정값으로 정해 OOT와 POST에도 그대로 적용하였다. OOT 657개 사례 중 471개의 상승·하락 방향이 일치하여 방향일치율은 71.7%였다. DEV는 71.2%, POST는 73.6%였다. 이는 Simulator로 생성한 재무정보 기반 점수와 실제 재무정보의 신용평점 변화방향을 비교한 결과다. | C18: 657개 | D18: 657 | E18: 논문값과 일치 | F18: COUNT(valid OOT direction-comparison rows) | G18: frozen_outputs/analysis/paper_repro/01_substrate_validation/test3_counterfactual_fidelity/test3_property_summary.csv
A19: NC0120-03 | B19: P3에서는 DEV의 신용평점 차이 중앙값 10.8418점을 보정값으로 정해 OOT와 POST에도 그대로 적용하였다. OOT 657개 사례 중 471개의 상승·하락 방향이 일치하여 방향일치율은 71.7%였다. DEV는 71.2%, POST는 73.6%였다. 이는 Simulator로 생성한 재무정보 기반 점수와 실제 재무정보의 신용평점 변화방향을 비교한 결과다. | C19: 471개 | D19: 471 | E19: 논문값과 일치 | F19: OOT 행 중 방향 판정이 가능한 행을 고른 뒤 direction_match = 1인 기업-연도 행의 개수; 선택 실행의 Oracle 반사실 적합도 행자료에서 재계산 | G19: frozen_outputs/analysis/paper_repro/01_substrate_validation/test3_counterfactual_fidelity/test3_rows.csv embedded://thesis-output-calculation/derived/reviewer_core_direct_calculations.csv
A20: NC0120-04 | B20: P3에서는 DEV의 신용평점 차이 중앙값 10.8418점을 보정값으로 정해 OOT와 POST에도 그대로 적용하였다. OOT 657개 사례 중 471개의 상승·하락 방향이 일치하여 방향일치율은 71.7%였다. DEV는 71.2%, POST는 73.6%였다. 이는 Simulator로 생성한 재무정보 기반 점수와 실제 재무정보의 신용평점 변화방향을 비교한 결과다. | C20: 71.7% | D20: 71.7 | E20: 논문값과 일치 | F20: 100 * MEAN(direction_match) on OOT after fixed DEV wedge adjustment | G20: frozen_outputs/analysis/paper_repro/01_substrate_validation/test3_counterfactual_fidelity/test3_property_summary.csv
A21: NC0120-05 | B21: P3에서는 DEV의 신용평점 차이 중앙값 10.8418점을 보정값으로 정해 OOT와 POST에도 그대로 적용하였다. OOT 657개 사례 중 471개의 상승·하락 방향이 일치하여 방향일치율은 71.7%였다. DEV는 71.2%, POST는 73.6%였다. 이는 Simulator로 생성한 재무정보 기반 점수와 실제 재무정보의 신용평점 변화방향을 비교한 결과다. | C21: 71.2% | D21: 71.2 | E21: 논문값과 일치 | F21: 100 * MEAN(direction_match) on DEV | G21: frozen_outputs/analysis/paper_repro/01_substrate_validation/test3_counterfactual_fidelity/test3_property_summary.csv
A22: NC0120-06 | B22: P3에서는 DEV의 신용평점 차이 중앙값 10.8418점을 보정값으로 정해 OOT와 POST에도 그대로 적용하였다. OOT 657개 사례 중 471개의 상승·하락 방향이 일치하여 방향일치율은 71.7%였다. DEV는 71.2%, POST는 73.6%였다. 이는 Simulator로 생성한 재무정보 기반 점수와 실제 재무정보의 신용평점 변화방향을 비교한 결과다. | C22: 73.6% | D22: 73.6 | E22: 논문값과 일치 | F22: 100 * MEAN(direction_match) on POST | G22: frozen_outputs/analysis/paper_repro/01_substrate_validation/test3_counterfactual_fidelity/test3_property_summary.csv
A25: 계산 데이터: test3_dev_oot_post
A26: 입력 파일 | B26: data/analysis/paper_repro/01_substrate_validation/test3_counterfactual_fidelity/test3_property_summary.csv
A27: 선택 조건 | B27: [{"column": "property", "op": "in", "values": ["P1_wedge", "P2_rank", "P3_direction"]}, {"column": "metric", "op": "in", "values": ["median", "spearman", "agreement"]}, {"column": "split", "op": "in", "values": ["dev", "oot", "post"]}]
A28: 분석 단위 | B28: property; metric; split
A29: 집계 | B29: PRODUCER_AGGREGATE_NO_REAGGREGATION
A30: property | B30: metric | C30: split | D30: value | E30: n | F30: ci95_lo | G30: ci95_hi
A31: ='SOURCE'!A11 | B31: ='SOURCE'!B11 | C31: ='SOURCE'!C11 | D31: ='SOURCE'!D11 | E31: ='SOURCE'!E11 | F31: ='SOURCE'!F11 | G31: ='SOURCE'!G11
A32: ='SOURCE'!A13 | B32: ='SOURCE'!B13 | C32: ='SOURCE'!C13 | D32: ='SOURCE'!D13 | E32: ='SOURCE'!E13 | F32: ='SOURCE'!F13 | G32: ='SOURCE'!G13
A33: ='SOURCE'!A14 | B33: ='SOURCE'!B14 | C33: ='SOURCE'!C14 | D33: ='SOURCE'!D14 | E33: ='SOURCE'!E14 | F33: ='SOURCE'!F14 | G33: ='SOURCE'!G14
A34: ='SOURCE'!A15 | B34: ='SOURCE'!B15 | C34: ='SOURCE'!C15 | D34: ='SOURCE'!D15 | E34: ='SOURCE'!E15 | F34: ='SOURCE'!F15 | G34: ='SOURCE'!G15
A35: ='SOURCE'!A17 | B35: ='SOURCE'!B17 | C35: ='SOURCE'!C17 | D35: ='SOURCE'!D17 | E35: ='SOURCE'!E17 | F35: ='SOURCE'!F17 | G35: ='SOURCE'!G17
A36: ='SOURCE'!A18 | B36: ='SOURCE'!B18 | C36: ='SOURCE'!C18 | D36: ='SOURCE'!D18 | E36: ='SOURCE'!E18 | F36: ='SOURCE'!F18 | G36: ='SOURCE'!G18
A37: ='SOURCE'!A19 | B37: ='SOURCE'!B19 | C37: ='SOURCE'!C19 | D37: ='SOURCE'!D19 | E37: ='SOURCE'!E19 | F37: ='SOURCE'!F19 | G37: ='SOURCE'!G19
A38: ='SOURCE'!A21 | B38: ='SOURCE'!B21 | C38: ='SOURCE'!C21 | D38: ='SOURCE'!D21 | E38: ='SOURCE'!E21 | F38: ='SOURCE'!F21 | G38: ='SOURCE'!G21
A39: ='SOURCE'!A22 | B39: ='SOURCE'!B22 | C39: ='SOURCE'!C22 | D39: ='SOURCE'!D22 | E39: ='SOURCE'!E22 | F39: ='SOURCE'!F22 | G39: ='SOURCE'!G22
A42: 계산 데이터: test3_wedge_share_positive
A43: 입력 파일 | B43: data/analysis/paper_repro/01_substrate_validation/test3_counterfactual_fidelity/test3_property_summary.csv
A44: 선택 조건 | B44: [{"column": "property", "op": "equals", "value": "P1_wedge"}, {"column": "metric", "op": "equals", "value": "share_positive"}, {"column": "split", "op": "equals", "value": "overall"}]
A45: 분석 단위 | B45: property; metric; split
A46: 집계 | B46: PRODUCER_AGGREGATE_NO_REAGGREGATION
A47: property | B47: metric | C47: split | D47: value | E47: n
A48: ='SOURCE'!A8 | B48: ='SOURCE'!B8 | C48: ='SOURCE'!C8 | D48: ='SOURCE'!D8 | E48: ='SOURCE'!E8

Sheet PAPER_TABLE
A1: T4-2 · 논문 표 작업용 결과
A2: ANALYSIS에서 계산된 값만 연결한 최종 작업표입니다. Excel에서 정렬·피벗·표시형식만 조정하면 됩니다.
A4: 계산 결과: test3_dev_oot_post
A5: ='CALCULATION'!A30 | B5: ='CALCULATION'!B30 | C5: ='CALCULATION'!C30 | D5: ='CALCULATION'!D30 | E5: ='CALCULATION'!E30 | F5: ='CALCULATION'!F30 | G5: ='CALCULATION'!G30
A6: ='CALCULATION'!A31 | B6: ='CALCULATION'!B31 | C6: ='CALCULATION'!C31 | D6: ='CALCULATION'!D31 | E6: ='CALCULATION'!E31 | F6: ='CALCULATION'!F31 | G6: ='CALCULATION'!G31
A7: ='CALCULATION'!A32 | B7: ='CALCULATION'!B32 | C7: ='CALCULATION'!C32 | D7: ='CALCULATION'!D32 | E7: ='CALCULATION'!E32 | F7: ='CALCULATION'!F32 | G7: ='CALCULATION'!G32
A8: ='CALCULATION'!A33 | B8: ='CALCULATION'!B33 | C8: ='CALCULATION'!C33 | D8: ='CALCULATION'!D33 | E8: ='CALCULATION'!E33 | F8: ='CALCULATION'!F33 | G8: ='CALCULATION'!G33
A9: ='CALCULATION'!A34 | B9: ='CALCULATION'!B34 | C9: ='CALCULATION'!C34 | D9: ='CALCULATION'!D34 | E9: ='CALCULATION'!E34 | F9: ='CALCULATION'!F34 | G9: ='CALCULATION'!G34
A10: ='CALCULATION'!A35 | B10: ='CALCULATION'!B35 | C10: ='CALCULATION'!C35 | D10: ='CALCULATION'!D35 | E10: ='CALCULATION'!E35 | F10: ='CALCULATION'!F35 | G10: ='CALCULATION'!G35
A11: ='CALCULATION'!A36 | B11: ='CALCULATION'!B36 | C11: ='CALCULATION'!C36 | D11: ='CALCULATION'!D36 | E11: ='CALCULATION'!E36 | F11: ='CALCULATION'!F36 | G11: ='CALCULATION'!G36
A12: ='CALCULATION'!A37 | B12: ='CALCULATION'!B37 | C12: ='CALCULATION'!C37 | D12: ='CALCULATION'!D37 | E12: ='CALCULATION'!E37 | F12: ='CALCULATION'!F37 | G12: ='CALCULATION'!G37
A13: ='CALCULATION'!A38 | B13: ='CALCULATION'!B38 | C13: ='CALCULATION'!C38 | D13: ='CALCULATION'!D38 | E13: ='CALCULATION'!E38 | F13: ='CALCULATION'!F38 | G13: ='CALCULATION'!G38
A14: ='CALCULATION'!A39 | B14: ='CALCULATION'!B39 | C14: ='CALCULATION'!C39 | D14: ='CALCULATION'!D39 | E14: ='CALCULATION'!E39 | F14: ='CALCULATION'!F39 | G14: ='CALCULATION'!G39
A17: 계산 결과: test3_wedge_share_positive
A18: ='CALCULATION'!A47 | B18: ='CALCULATION'!B47 | C18: ='CALCULATION'!C47 | D18: ='CALCULATION'!D47 | E18: ='CALCULATION'!E47
A19: ='CALCULATION'!A48 | B19: ='CALCULATION'!B48 | C19: ='CALCULATION'!C48 | D19: ='CALCULATION'!D48 | E19: ='CALCULATION'!E48
