Workbook

Sheet README
A1: TE-2 · 표 E-2. 행동크기 조건 내 성분효과 TOST 전수
A2: 논문 인쇄값을 계산 입력으로 쓰지 않고, 선택 실행의 실제 산출물에서 값을 계산한 Excel입니다.
A4: 항목 | B4: 내용
A5: 선택 실행 | B5: V11_FINAL_FROZEN_REPLAY_RESUME
A6: 실행 방식 | B6: FrozenReplay
A7: 논문 항목 읽기 | B7: 논문 DOCX에서 번호·제목·위치만 동적으로 읽음
A8: 논문 위치 | B8: E E3 TOST와 Shapley 전수 결과 · 인쇄면 125
A9: 관측·집계 단위 | B9: cohort_id + budget_label + component
A10: 선택 조건 | B10: [[{"column": "oracle", "op": "equals", "value": "alpha"}]]
A11: 계산 방법 | B11: 선택 실행 산출물에 명시된 조건을 적용하고 논문 분석단위로 행·열을 정리
A12: 생산 코드 | B12: src/credit_recourse/analysis/c4r_tost_equivalence.py
A13: 실제 입력 산출물 | B13: embedded://selected-run-output/data/analysis/paper_repro/05_extension_e3_e4/e3_c4r_journal/tost_alpha/c4r_tost_within_arm_alpha.csv

Sheet SOURCE
A1: TE-2 · 실제 입력 산출물
A2: 선택 실행에서 읽은 실제 중간·최종 산출물입니다. 아래 ANALYSIS가 이 셀들을 직접 참조합니다.
A4: 입력 1: embedded://selected-run-output/data/analysis/paper_repro/05_extension_e3_e4/e3_c4r_journal/tost_alpha/c4r_tost_within_arm_alpha.csv
A5: 파일 크기(bytes) | B5: 9457 | C5: 생산 코드 | D5: src/credit_recourse/analysis/c4r_tost_equivalence.py | E5: SHA256 | F5: 478A437DAA582C1F6A30C7B13325FFE5712B5A3565E226087013598EDE353768 | G5: 읽기 상태 | H5: OK
A6: n_pairs | B6: mean_gap | C6: sd_gap | D6: se_gap | E6: equivalence_margin | F6: alpha | G6: t_lower | H6: p_lower_mean_gt_minus_margin | I6: t_upper | J6: p_upper_mean_lt_plus_margin | K6: p_tost | L6: ci_level | M6: ci_low | N6: ci_high | O6: equivalent | P6: ci_within_margin | Q6: wilcoxon_p_two_sided | R6: mean_outside_margin | S6: decision | T6: test_family | U6: cohort_id | V6: budget_label | W6: component | X6: oracle | Y6: score_column
A7: 575 | B7: 0.070328854 | C7: 0.43707825 | D7: 0.018227423 | E7: 0.109 | F7: 0.05 | G7: 9.8384097 | H7: 1.6362046e-21 | I7: -2.1215916 | J7: 0.017149944 | K7: 0.017149944 | L7: 0.9 | M7: 0.040298945 | N7: 0.10035876 | O7: True | P7: True | Q7: 7.7132895e-05 | R7: False | S7: PRACTICALLY_EQUIVALENT | T7: within_arm_component_vs_zero | U7: gemini31flashlite | V7: 0p75 | W7: self_revision | X7: alpha | Y7: self_revision_alpha
A8: 575 | B8: -0.00098336451 | C8: 0.50701197 | D8: 0.021143861 | E8: 0.109 | F8: 0.05 | G8: 5.1086524 | H8: 2.2116054e-07 | I8: -5.201669 | J8: 1.3762068e-07 | K8: 2.2116054e-07 | L8: 0.9 | M8: -0.035818141 | N8: 0.033851412 | O8: True | P8: True | Q8: 0.67705344 | R8: False | S8: PRACTICALLY_EQUIVALENT | T8: within_arm_component_vs_zero | U8: gemini31flashlite | V8: 0p75 | W8: reference_content_conditional | X8: alpha | Y8: reference_content_conditional_alpha
A9: 575 | B9: 0.069345489 | C9: 0.53149198 | D9: 0.022164748 | E9: 0.109 | F9: 0.05 | G9: 8.0463577 | H9: 2.4593471e-15 | I9: -1.7890802 | J9: 0.03706453 | K9: 0.03706453 | L9: 0.9 | M9: 0.032828788 | N9: 0.10586219 | O9: True | P9: True | Q9: 8.8566801e-05 | R9: False | S9: PRACTICALLY_EQUIVALENT | T9: within_arm_component_vs_zero | U9: gemini31flashlite | V9: 0p75 | W9: package | X9: alpha | Y9: package_alpha
A10: 575 | B10: 0.07049305 | C10: 0.57920358 | D10: 0.024154459 | E10: 0.109 | F10: 0.05 | G10: 7.4310523 | H10: 1.9651096e-13 | I10: -1.5941963 | J10: 0.05572126 | K10: 0.05572126 | L10: 0.9 | M10: 0.030698274 | N10: 0.11028783 | O10: False | P10: False | Q10: 0.0026702809 | R10: False | S10: NOT_EQUIVALENT_OR_INCONCLUSIVE | T10: within_arm_component_vs_zero | U10: gemini31flashlite | V10: 1p27 | W10: self_revision | X10: alpha | Y10: self_revision_alpha
A11: 575 | B11: 0.045167937 | C11: 0.61820553 | D11: 0.025780953 | E11: 0.109 | F11: 0.05 | G11: 5.9799162 | H11: 1.9634174e-09 | I11: -2.4759389 | J11: 0.0067879799 | K11: 0.0067879799 | L11: 0.9 | M11: 0.0026934925 | N11: 0.087642381 | O11: True | P11: True | Q11: 0.017939618 | R11: False | S11: PRACTICALLY_EQUIVALENT | T11: within_arm_component_vs_zero | U11: gemini31flashlite | V11: 1p27 | W11: reference_content_conditional | X11: alpha | Y11: reference_content_conditional_alpha
A12: 575 | B12: 0.11566099 | C12: 0.61812022 | D12: 0.025777395 | E12: 0.109 | F12: 0.05 | G12: 8.7154263 | H12: 1.5538342e-17 | I12: 0.2584042 | J12: 0.6019062 | K12: 0.6019062 | L12: 0.9 | M12: 0.073192404 | N12: 0.15812957 | O12: False | P12: False | Q12: 6.8831305e-07 | R12: True | S12: NOT_EQUIVALENT_OR_INCONCLUSIVE | T12: within_arm_component_vs_zero | U12: gemini31flashlite | V12: 1p27 | W12: package | X12: alpha | Y12: package_alpha
A13: 575 | B13: 0.062214598 | C13: 0.52293949 | D13: 0.021808084 | E13: 0.109 | F13: 0.05 | G13: 7.8509691 | H13: 1.017955e-14 | I13: -2.1453238 | J13: 0.016172927 | K13: 0.016172927 | L13: 0.9 | M13: 0.026285504 | N13: 0.098143692 | O13: True | P13: True | Q13: 0.0021915476 | R13: False | S13: PRACTICALLY_EQUIVALENT | T13: within_arm_component_vs_zero | U13: gemini31flashlite | V13: 2p00 | W13: self_revision | X13: alpha | Y13: self_revision_alpha
A14: 575 | B14: 0.081483834 | C14: 0.56360972 | D14: 0.02350415 | E14: 0.109 | F14: 0.05 | G14: 8.1042638 | H14: 1.6060149e-15 | I14: -1.1706939 | J14: 0.12110381 | K14: 0.12110381 | L14: 0.9 | M14: 0.042760451 | N14: 0.12020722 | O14: False | P14: False | Q14: 0.000491999 | R14: False | S14: NOT_EQUIVALENT_OR_INCONCLUSIVE | T14: within_arm_component_vs_zero | U14: gemini31flashlite | V14: 2p00 | W14: reference_content_conditional | X14: alpha | Y14: reference_content_conditional_alpha
A15: 575 | B15: 0.14369843 | C15: 0.60577101 | D15: 0.025262398 | E15: 0.109 | F15: 0.05 | G15: 10.002947 | H15: 4.0057493e-22 | I15: 1.373521 | J15: 0.91493667 | K15: 0.91493667 | L15: 0.9 | M15: 0.10207831 | N15: 0.18531855 | O15: False | P15: False | Q15: 1.6687549e-08 | R15: True | S15: NOT_EQUIVALENT_OR_INCONCLUSIVE | T15: within_arm_component_vs_zero | U15: gemini31flashlite | V15: 2p00 | W15: package | X15: alpha | Y15: package_alpha
A16: 575 | B16: 0.018928051 | C16: 0.17778224 | D16: 0.0074140318 | E16: 0.109 | F16: 0.05 | G16: 17.254856 | H16: 2.3505859e-54 | I16: -12.148849 | J16: 1.0978654e-30 | K16: 1.0978654e-30 | L16: 0.9 | M16: 0.0067133404 | N16: 0.031142762 | O16: True | P16: True | Q16: 0.004733027 | R16: False | S16: PRACTICALLY_EQUIVALENT | T16: within_arm_component_vs_zero | U16: gemini31flashlite | V16: unbounded | W16: self_revision | X16: alpha | Y16: self_revision_alpha
A17: 575 | B17: 0.40240621 | C17: 0.83577459 | D17: 0.03485421 | E17: 0.109 | F17: 0.05 | G17: 14.672724 | H17: 6.3442002e-42 | I17: 8.4180997 | J17: 1 | K17: 1 | L17: 0.9 | M17: 0.34498346 | N17: 0.45982896 | O17: False | P17: False | Q17: 1.5434023e-30 | R17: True | S17: NOT_EQUIVALENT_OR_INCONCLUSIVE | T17: within_arm_component_vs_zero | U17: gemini31flashlite | V17: unbounded | W17: reference_content_conditional | X17: alpha | Y17: reference_content_conditional_alpha
A18: 575 | B18: 0.42133426 | C18: 0.83194684 | D18: 0.034694581 | E18: 0.109 | F18: 0.05 | G18: 15.285795 | H18: 8.3667848e-45 | I18: 9.0023932 | J18: 1 | K18: 1 | L18: 0.9 | M18: 0.3641745 | N18: 0.47849402 | O18: False | P18: False | Q18: 2.8375875e-33 | R18: True | S18: NOT_EQUIVALENT_OR_INCONCLUSIVE | T18: within_arm_component_vs_zero | U18: gemini31flashlite | V18: unbounded | W18: package | X18: alpha | Y18: package_alpha
... A30: 575 | B30: 0.17607408 | C30: 0.60174362 | D30: 0.025094444 | E30: 0.109 | F30: 0.05 | G30: 11.360048 | H30: 2.0353331e-27 | I30: 2.6728656 | J30: 0.99613275 | K30: 0.99613275 | L30: 0.9 | M30: 0.13473066 | N30: 0.21741749 | O30: False | P30: False | Q30: 1.2372351e-12 | R30: True | S30: NOT_EQUIVALENT_OR_INCONCLUSIVE | T30: within_arm_component_vs_zero | U30: gpt54mini | V30: unbounded | W30: package | X30: alpha | Y30: package_alpha

Sheet CALCULATION
A1: TE-2 · 분석 과정
A2: 필터·분석단위와 실제 계산 결과입니다. 수치 셀은 SOURCE를 직접 참조합니다.
A4: 항목 | B4: 내용
A5: 계산 방법 | B5: 선택 실행 산출물에 명시된 조건을 적용하고 논문 분석단위로 행·열을 정리
A6: 생산 코드 | B6: src/credit_recourse/analysis/c4r_tost_equivalence.py
A7: 선택 실행 | B7: V11_FINAL_FROZEN_REPLAY_RESUME
A11: 계산 데이터: within_arm_tost
A12: 입력 파일 | B12: data/analysis/paper_repro/05_extension_e3_e4/e3_c4r_journal/tost_alpha/c4r_tost_within_arm_alpha.csv
A13: 선택 조건 | B13: [{"column": "oracle", "op": "equals", "value": "alpha"}]
A14: 분석 단위 | B14: cohort_id; budget_label; component
A15: 집계 | B15: PRODUCER_AGGREGATE_NO_REAGGREGATION
A16: cohort_id | B16: budget_label | C16: component | D16: n_pairs | E16: mean_gap | F16: ci_low | G16: ci_high | H16: p_tost | I16: equivalent | J16: decision
A17: ='SOURCE'!U7 | B17: ='SOURCE'!V7 | C17: ='SOURCE'!W7 | D17: ='SOURCE'!A7 | E17: ='SOURCE'!B7 | F17: ='SOURCE'!M7 | G17: ='SOURCE'!N7 | H17: ='SOURCE'!K7 | I17: ='SOURCE'!O7 | J17: ='SOURCE'!S7
A18: ='SOURCE'!U8 | B18: ='SOURCE'!V8 | C18: ='SOURCE'!W8 | D18: ='SOURCE'!A8 | E18: ='SOURCE'!B8 | F18: ='SOURCE'!M8 | G18: ='SOURCE'!N8 | H18: ='SOURCE'!K8 | I18: ='SOURCE'!O8 | J18: ='SOURCE'!S8
A19: ='SOURCE'!U9 | B19: ='SOURCE'!V9 | C19: ='SOURCE'!W9 | D19: ='SOURCE'!A9 | E19: ='SOURCE'!B9 | F19: ='SOURCE'!M9 | G19: ='SOURCE'!N9 | H19: ='SOURCE'!K9 | I19: ='SOURCE'!O9 | J19: ='SOURCE'!S9
A20: ='SOURCE'!U10 | B20: ='SOURCE'!V10 | C20: ='SOURCE'!W10 | D20: ='SOURCE'!A10 | E20: ='SOURCE'!B10 | F20: ='SOURCE'!M10 | G20: ='SOURCE'!N10 | H20: ='SOURCE'!K10 | I20: ='SOURCE'!O10 | J20: ='SOURCE'!S10
A21: ='SOURCE'!U11 | B21: ='SOURCE'!V11 | C21: ='SOURCE'!W11 | D21: ='SOURCE'!A11 | E21: ='SOURCE'!B11 | F21: ='SOURCE'!M11 | G21: ='SOURCE'!N11 | H21: ='SOURCE'!K11 | I21: ='SOURCE'!O11 | J21: ='SOURCE'!S11
A22: ='SOURCE'!U12 | B22: ='SOURCE'!V12 | C22: ='SOURCE'!W12 | D22: ='SOURCE'!A12 | E22: ='SOURCE'!B12 | F22: ='SOURCE'!M12 | G22: ='SOURCE'!N12 | H22: ='SOURCE'!K12 | I22: ='SOURCE'!O12 | J22: ='SOURCE'!S12
A23: ='SOURCE'!U13 | B23: ='SOURCE'!V13 | C23: ='SOURCE'!W13 | D23: ='SOURCE'!A13 | E23: ='SOURCE'!B13 | F23: ='SOURCE'!M13 | G23: ='SOURCE'!N13 | H23: ='SOURCE'!K13 | I23: ='SOURCE'!O13 | J23: ='SOURCE'!S13
A24: ='SOURCE'!U14 | B24: ='SOURCE'!V14 | C24: ='SOURCE'!W14 | D24: ='SOURCE'!A14 | E24: ='SOURCE'!B14 | F24: ='SOURCE'!M14 | G24: ='SOURCE'!N14 | H24: ='SOURCE'!K14 | I24: ='SOURCE'!O14 | J24: ='SOURCE'!S14
A25: ='SOURCE'!U15 | B25: ='SOURCE'!V15 | C25: ='SOURCE'!W15 | D25: ='SOURCE'!A15 | E25: ='SOURCE'!B15 | F25: ='SOURCE'!M15 | G25: ='SOURCE'!N15 | H25: ='SOURCE'!K15 | I25: ='SOURCE'!O15 | J25: ='SOURCE'!S15
A26: ='SOURCE'!U16 | B26: ='SOURCE'!V16 | C26: ='SOURCE'!W16 | D26: ='SOURCE'!A16 | E26: ='SOURCE'!B16 | F26: ='SOURCE'!M16 | G26: ='SOURCE'!N16 | H26: ='SOURCE'!K16 | I26: ='SOURCE'!O16 | J26: ='SOURCE'!S16
A27: ='SOURCE'!U17 | B27: ='SOURCE'!V17 | C27: ='SOURCE'!W17 | D27: ='SOURCE'!A17 | E27: ='SOURCE'!B17 | F27: ='SOURCE'!M17 | G27: ='SOURCE'!N17 | H27: ='SOURCE'!K17 | I27: ='SOURCE'!O17 | J27: ='SOURCE'!S17
A28: ='SOURCE'!U18 | B28: ='SOURCE'!V18 | C28: ='SOURCE'!W18 | D28: ='SOURCE'!A18 | E28: ='SOURCE'!B18 | F28: ='SOURCE'!M18 | G28: ='SOURCE'!N18 | H28: ='SOURCE'!K18 | I28: ='SOURCE'!O18 | J28: ='SOURCE'!S18
... A40: ='SOURCE'!U30 | B40: ='SOURCE'!V30 | C40: ='SOURCE'!W30 | D40: ='SOURCE'!A30 | E40: ='SOURCE'!B30 | F40: ='SOURCE'!M30 | G40: ='SOURCE'!N30 | H40: ='SOURCE'!K30 | I40: ='SOURCE'!O30 | J40: ='SOURCE'!S30

Sheet PAPER_TABLE
A1: TE-2 · 논문 표 작업용 결과
A2: ANALYSIS에서 계산된 값만 연결한 최종 작업표입니다. Excel에서 정렬·피벗·표시형식만 조정하면 됩니다.
A4: 계산 결과: within_arm_tost
A5: ='CALCULATION'!A16 | B5: ='CALCULATION'!B16 | C5: ='CALCULATION'!C16 | D5: ='CALCULATION'!D16 | E5: ='CALCULATION'!E16 | F5: ='CALCULATION'!F16 | G5: ='CALCULATION'!G16 | H5: ='CALCULATION'!H16 | ... J5: ='CALCULATION'!J16
A6: ='CALCULATION'!A17 | B6: ='CALCULATION'!B17 | C6: ='CALCULATION'!C17 | D6: ='CALCULATION'!D17 | E6: ='CALCULATION'!E17 | F6: ='CALCULATION'!F17 | G6: ='CALCULATION'!G17 | H6: ='CALCULATION'!H17 | ... J6: ='CALCULATION'!J17
A7: ='CALCULATION'!A18 | B7: ='CALCULATION'!B18 | C7: ='CALCULATION'!C18 | D7: ='CALCULATION'!D18 | E7: ='CALCULATION'!E18 | F7: ='CALCULATION'!F18 | G7: ='CALCULATION'!G18 | H7: ='CALCULATION'!H18 | ... J7: ='CALCULATION'!J18
A8: ='CALCULATION'!A19 | B8: ='CALCULATION'!B19 | C8: ='CALCULATION'!C19 | D8: ='CALCULATION'!D19 | E8: ='CALCULATION'!E19 | F8: ='CALCULATION'!F19 | G8: ='CALCULATION'!G19 | H8: ='CALCULATION'!H19 | ... J8: ='CALCULATION'!J19
A9: ='CALCULATION'!A20 | B9: ='CALCULATION'!B20 | C9: ='CALCULATION'!C20 | D9: ='CALCULATION'!D20 | E9: ='CALCULATION'!E20 | F9: ='CALCULATION'!F20 | G9: ='CALCULATION'!G20 | H9: ='CALCULATION'!H20 | ... J9: ='CALCULATION'!J20
A10: ='CALCULATION'!A21 | B10: ='CALCULATION'!B21 | C10: ='CALCULATION'!C21 | D10: ='CALCULATION'!D21 | E10: ='CALCULATION'!E21 | F10: ='CALCULATION'!F21 | G10: ='CALCULATION'!G21 | H10: ='CALCULATION'!H21 | ... J10: ='CALCULATION'!J21
A11: ='CALCULATION'!A22 | B11: ='CALCULATION'!B22 | C11: ='CALCULATION'!C22 | D11: ='CALCULATION'!D22 | E11: ='CALCULATION'!E22 | F11: ='CALCULATION'!F22 | G11: ='CALCULATION'!G22 | H11: ='CALCULATION'!H22 | ... J11: ='CALCULATION'!J22
A12: ='CALCULATION'!A23 | B12: ='CALCULATION'!B23 | C12: ='CALCULATION'!C23 | D12: ='CALCULATION'!D23 | E12: ='CALCULATION'!E23 | F12: ='CALCULATION'!F23 | G12: ='CALCULATION'!G23 | H12: ='CALCULATION'!H23 | ... J12: ='CALCULATION'!J23
A13: ='CALCULATION'!A24 | B13: ='CALCULATION'!B24 | C13: ='CALCULATION'!C24 | D13: ='CALCULATION'!D24 | E13: ='CALCULATION'!E24 | F13: ='CALCULATION'!F24 | G13: ='CALCULATION'!G24 | H13: ='CALCULATION'!H24 | ... J13: ='CALCULATION'!J24
A14: ='CALCULATION'!A25 | B14: ='CALCULATION'!B25 | C14: ='CALCULATION'!C25 | D14: ='CALCULATION'!D25 | E14: ='CALCULATION'!E25 | F14: ='CALCULATION'!F25 | G14: ='CALCULATION'!G25 | H14: ='CALCULATION'!H25 | ... J14: ='CALCULATION'!J25
A15: ='CALCULATION'!A26 | B15: ='CALCULATION'!B26 | C15: ='CALCULATION'!C26 | D15: ='CALCULATION'!D26 | E15: ='CALCULATION'!E26 | F15: ='CALCULATION'!F26 | G15: ='CALCULATION'!G26 | H15: ='CALCULATION'!H26 | ... J15: ='CALCULATION'!J26
A16: ='CALCULATION'!A27 | B16: ='CALCULATION'!B27 | C16: ='CALCULATION'!C27 | D16: ='CALCULATION'!D27 | E16: ='CALCULATION'!E27 | F16: ='CALCULATION'!F27 | G16: ='CALCULATION'!G27 | H16: ='CALCULATION'!H27 | ... J16: ='CALCULATION'!J27
... A29: ='CALCULATION'!A40 | B29: ='CALCULATION'!B40 | C29: ='CALCULATION'!C40 | D29: ='CALCULATION'!D40 | E29: ='CALCULATION'!E40 | F29: ='CALCULATION'!F40 | G29: ='CALCULATION'!G40 | H29: ='CALCULATION'!H40 | ... J29: ='CALCULATION'!J40
