Workbook

Sheet README
A1: T3-1 · 표 3-1. 표본 선정 흐름과 분석별 사용목적
A2: 논문 인쇄값을 계산 입력으로 쓰지 않고, 선택 실행의 실제 산출물에서 값을 계산한 Excel입니다.
A4: 항목 | B4: 내용
A5: 선택 실행 | B5: V11_FINAL_FROZEN_REPLAY_RESUME
A6: 실행 방식 | B6: FrozenReplay
A7: 논문 항목 읽기 | B7: 논문 DOCX에서 번호·제목·위치만 동적으로 읽음
A8: 논문 위치 | B8: 3.1 연구자료와 표본 · 인쇄면 23
A9: 관측·집계 단위 | B9: 선정 단계
A10: 선택 조건 | B10: 추가 필터 없음
A11: 계산 방법 | B11: 선택 실행 산출물에 명시된 조건을 적용하고 논문 분석단위로 행·열을 정리
A12: 생산 코드 | B12: src/credit_recourse/reproduction/thesis_outputs/prepare.py::_build_sample_flow
A13: 실제 입력 산출물 | B13: embedded://thesis-output-calculation/derived/table_3_1_sample_flow.csv

Sheet SOURCE
A1: T3-1 · 실제 입력 산출물
A2: 선택 실행에서 읽은 실제 중간·최종 산출물입니다. 아래 ANALYSIS가 이 셀들을 직접 참조합니다.
A4: 입력 1: embedded://thesis-output-calculation/derived/table_3_1_sample_flow.csv
A5: 파일 크기(bytes) | B5: 3982 | C5: 생산 코드 | D5: src/credit_recourse/reproduction/thesis_outputs/prepare.py::_build_sample_flow | E5: SHA256 | F5: 3472A41B45520BBE646A31C1D19D70E5245CC0CB0557BAD0C2E27D7F4BF7DFC4 | G5: 읽기 상태 | H5: OK
A6: 선정 단계 | B6: 논문 표시값 | C6: 재계산값 | D6: 차이 | E6: 확인 결과 | F6: 분모와 의미 | G6: 계산 방법 | H6: 실제 입력·산출물 | I6: 생산 코드 | J6: 주의할 점
A7: ① 원본 Stage0 재무제표 패널 | B7: 70777 | C7: 75721 | D7: 4944 | E7: 차이 있음 (+4,944) | F7: 원본 Stage0 producer가 실제로 선택한 KOSPI·KOSDAQ·KONEX 재무제표 파일의 기업-연도 행. 다섯 재무제표 유형별 공통 분모. | G7: 원본 Stage0 manifest의 파일별 rows_raw를 재무제표 유형별로 합산하고, 다섯 유형의 합계가 동일한지 확인. 추가 표본 필터는 적용하지 않음. | H7: frozen_outputs/final_freeze/stage0_oracle_foundation/stage0_manifest.json embedded://thesis-output-calculation/derived/sample_flow_raw_sources.csv | I7: src/credit_recourse/oracle/stage0/build_stage0_foundation_from_raw.py | J7: 원본 Stage0 producer가 실제로 읽은 다섯 재무제표 유형은 각각 75,721개 행입니다. 원본 producer에는 별도의 기업 단위 금융업 제외가 구현되어 있지 않으므로, 이 Excel 생성 과정도 임의의 금융업 제외를 추가하지 않습니다.
A8: ② 원본 Stage1 외부등급-재무 연결 | B8: 4924 | C8: 4924 | D8: 0 | E8: 숫자는 일치하나 금융업 제외 여부는 확인할 수 없음 | F8: 원본 Stage0의 허용 외부등급을 기업-연도별 1개로 정리하고 원본 Stage1이 재무자료와 결합한 행수. | G8: 원본 Stage1 metadata의 firm_year_rows를 읽음. Excel 생성 단계에서 별도 산업 필터를 적용하지 않음. | H8: frozen_outputs/final_freeze/stage0_oracle_foundation/stage0_manifest.json frozen_outputs/final_freeze/stage1_oracle_inputs/stage00_01_rating_statement_integration/stage00_01_metadata.json | I8: src/credit_recourse/oracle/stage0/build_stage0_foundation_from_raw.py; src/credit_recourse/oracle/stage1/stage00_01_rating_statement/final_stage0_adapter.py | J8: 이 FrozenReplay의 과거 Stage1 산출물에는 금융업 제외 내역이 남아 있지 않습니다. 4,924라는 숫자는 다시 읽을 수 있지만 비금융 표본이라는 의미까지 확인한 것으로 보지 않습니다.
A9: ③ 등급 전이 | B9: 3159 | C9: 3159 | D9: 0 | E9: 확인됨 | F9: 연속된 두 기업-연도를 연결해 만든 실제 t→t+1 전이. Candidate-IQL 학습자료의 분석단위. | G9: 기업 내 연도순으로 연속 2개년을 연결하고 실제 다음 해 등급이 있는 전이만 집계. | H9: frozen_outputs/final_freeze/stage2_candidate_projection/counterfactual_transitions_metadata__P50.json | I9: src/credit_recourse/rl/pipelines/final_stage2_candidate_projection/pipeline.py
A10: ④ Oracle 개발표본 (DEV, 2002–2019) | B10: 2032 | C10: 2032 | D10: 0 | E10: 확인됨 | F10: Oracle 모형을 개발하는 기업-연도. OOT 기간은 포함하지 않음. | G10: Stage1 최종 모델링 표본을 회계연도 2019년까지로 합산. | H10: frozen_outputs/final_freeze/stage1_oracle_backends/alpha/split_reconciliation_stage4.csv | I10: src/credit_recourse/oracle/backends/alpha/_pipeline_impl.py
A11: ⑤ Oracle 시간외 검증표본 (OOT, 2020–2023) | B11: 1790 | C11: 1790 | D11: 0 | E11: 확인됨 | F11: Oracle 개발에 사용하지 않은 시간외 기업-연도. | G11: Stage1 최종 모델링 표본을 회계연도 2020–2023으로 합산. | H11: frozen_outputs/final_freeze/stage1_oracle_backends/alpha/split_reconciliation_stage4.csv | I11: src/credit_recourse/oracle/backends/alpha/_pipeline_impl.py
A12: ⑥ 최종 정책 비교 | B12: 575 | C12: 575 | D12: 0 | E12: 확인됨 | F12: 2024년 기준 등급을 보유한 평가 전용 기업. 정책별·Oracle별 비교의 공통 기업 분모. | G12: Stage6 최종 정책요약의 모든 정책 행이 공유하는 기업수 n을 확인. | H12: frozen_outputs/final_freeze/stage6_multi_oracle_eval/final_policy_summary.csv | I12: src/credit_recourse/rl/pipelines/final_stage6_candidate_iql_multi_oracle_eval/pipeline.py

Sheet CALCULATION
A1: T3-1 · 분석 과정
A2: 필터·분석단위와 실제 계산 결과입니다. 수치 셀은 SOURCE를 직접 참조합니다.
A4: 항목 | B4: 내용
A5: 계산 방법 | B5: 선택 실행 산출물에 명시된 조건을 적용하고 논문 분석단위로 행·열을 정리
A6: 생산 코드 | B6: src/credit_recourse/reproduction/thesis_outputs/prepare.py::_build_sample_flow
A7: 선택 실행 | B7: V11_FINAL_FROZEN_REPLAY_RESUME
A11: 계산 데이터: table_3_1_sample_flow
A12: 입력 파일 | B12: embedded://thesis-output-calculation/derived/table_3_1_sample_flow.csv
A13: 선택 조건 | B13: []
A14: 분석 단위 | B14: 선정 단계
A15: 집계
A16: 선정 단계 | B16: 논문 표시값 | C16: 재계산값 | D16: 차이 | E16: 확인 결과 | F16: 분모와 의미 | G16: 계산 방법 | H16: 실제 입력·산출물 | I16: 생산 코드 | J16: 주의할 점
A17: ='SOURCE'!A7 | B17: ='SOURCE'!B7 | C17: ='SOURCE'!C7 | D17: ='SOURCE'!D7 | E17: ='SOURCE'!E7 | F17: ='SOURCE'!F7 | G17: ='SOURCE'!G7 | H17: ='SOURCE'!H7 | ... J17: ='SOURCE'!J7
A18: ='SOURCE'!A8 | B18: ='SOURCE'!B8 | C18: ='SOURCE'!C8 | D18: ='SOURCE'!D8 | E18: ='SOURCE'!E8 | F18: ='SOURCE'!F8 | G18: ='SOURCE'!G8 | H18: ='SOURCE'!H8 | ... J18: ='SOURCE'!J8
A19: ='SOURCE'!A9 | B19: ='SOURCE'!B9 | C19: ='SOURCE'!C9 | D19: ='SOURCE'!D9 | E19: ='SOURCE'!E9 | F19: ='SOURCE'!F9 | G19: ='SOURCE'!G9 | H19: ='SOURCE'!H9 | ... J19: ='SOURCE'!J9
A20: ='SOURCE'!A10 | B20: ='SOURCE'!B10 | C20: ='SOURCE'!C10 | D20: ='SOURCE'!D10 | E20: ='SOURCE'!E10 | F20: ='SOURCE'!F10 | G20: ='SOURCE'!G10 | H20: ='SOURCE'!H10 | ... J20: ='SOURCE'!J10
A21: ='SOURCE'!A11 | B21: ='SOURCE'!B11 | C21: ='SOURCE'!C11 | D21: ='SOURCE'!D11 | E21: ='SOURCE'!E11 | F21: ='SOURCE'!F11 | G21: ='SOURCE'!G11 | H21: ='SOURCE'!H11 | ... J21: ='SOURCE'!J11
A22: ='SOURCE'!A12 | B22: ='SOURCE'!B12 | C22: ='SOURCE'!C12 | D22: ='SOURCE'!D12 | E22: ='SOURCE'!E12 | F22: ='SOURCE'!F12 | G22: ='SOURCE'!G12 | H22: ='SOURCE'!H12 | ... J22: ='SOURCE'!J12

Sheet PAPER_TABLE
A1: T3-1 · 논문 표 작업용 결과
A2: ANALYSIS에서 계산된 값만 연결한 최종 작업표입니다. Excel에서 정렬·피벗·표시형식만 조정하면 됩니다.
A4: 계산 결과: table_3_1_sample_flow
A5: ='CALCULATION'!A16 | B5: ='CALCULATION'!B16 | C5: ='CALCULATION'!C16 | D5: ='CALCULATION'!D16 | E5: ='CALCULATION'!E16 | F5: ='CALCULATION'!F16 | G5: ='CALCULATION'!G16 | H5: ='CALCULATION'!H16 | ... J5: ='CALCULATION'!J16
A6: ='CALCULATION'!A17 | B6: ='CALCULATION'!B17 | C6: ='CALCULATION'!C17 | D6: ='CALCULATION'!D17 | E6: ='CALCULATION'!E17 | F6: ='CALCULATION'!F17 | G6: ='CALCULATION'!G17 | H6: ='CALCULATION'!H17 | ... J6: ='CALCULATION'!J17
A7: ='CALCULATION'!A18 | B7: ='CALCULATION'!B18 | C7: ='CALCULATION'!C18 | D7: ='CALCULATION'!D18 | E7: ='CALCULATION'!E18 | F7: ='CALCULATION'!F18 | G7: ='CALCULATION'!G18 | H7: ='CALCULATION'!H18 | ... J7: ='CALCULATION'!J18
A8: ='CALCULATION'!A19 | B8: ='CALCULATION'!B19 | C8: ='CALCULATION'!C19 | D8: ='CALCULATION'!D19 | E8: ='CALCULATION'!E19 | F8: ='CALCULATION'!F19 | G8: ='CALCULATION'!G19 | H8: ='CALCULATION'!H19 | ... J8: ='CALCULATION'!J19
A9: ='CALCULATION'!A20 | B9: ='CALCULATION'!B20 | C9: ='CALCULATION'!C20 | D9: ='CALCULATION'!D20 | E9: ='CALCULATION'!E20 | F9: ='CALCULATION'!F20 | G9: ='CALCULATION'!G20 | H9: ='CALCULATION'!H20 | ... J9: ='CALCULATION'!J20
A10: ='CALCULATION'!A21 | B10: ='CALCULATION'!B21 | C10: ='CALCULATION'!C21 | D10: ='CALCULATION'!D21 | E10: ='CALCULATION'!E21 | F10: ='CALCULATION'!F21 | G10: ='CALCULATION'!G21 | H10: ='CALCULATION'!H21 | ... J10: ='CALCULATION'!J21
A11: ='CALCULATION'!A22 | B11: ='CALCULATION'!B22 | C11: ='CALCULATION'!C22 | D11: ='CALCULATION'!D22 | E11: ='CALCULATION'!E22 | F11: ='CALCULATION'!F22 | G11: ='CALCULATION'!G22 | H11: ='CALCULATION'!H22 | ... J11: ='CALCULATION'!J22
