Workbook

Sheet README
A1: T7-1 · 표 7-1. 연구질문·가설·후속 실증확장의 최종 판정
A2: 논문 인쇄값을 계산 입력으로 쓰지 않고, 선택 실행의 실제 산출물에서 값을 계산한 Excel입니다.
A4: 항목 | B4: 내용
A5: 선택 실행 | B5: V11_FINAL_FROZEN_REPLAY_RESUME
A6: 실행 방식 | B6: FrozenReplay
A7: 논문 항목 읽기 | B7: 논문 DOCX에서 번호·제목·위치만 동적으로 읽음
A8: 논문 위치 | B8: 7.2 연구질문·가설 및 후속 실증확장의 판정 · 인쇄면 96
A9: 관측·집계 단위 | B9: cohort_id + budget_label + contrast; contrast + mode + backend_label
A10: 선택 조건 | B10: [[{"column": "oracle_backend", "op": "equals", "value": "alpha"}]]
A11: 계산 방법 | B11: 계산 가능한 결과는 실행 산출물에서 계산하고 정의·설정은 별도로 구분
A12: 생산 코드 | B12: analysis synthesis from registered hypothesis tests
A13: 실제 입력 산출물 | B13: frozen_outputs/analysis/paper_repro/02_llm_hypothesis_tests/holm_h1_h3/holm_H1_score.csv frozen_outputs/analysis/paper_repro/02_llm_hypothesis_tests/holm_h1_h3/holm_H3_reference.csv embedded://selected-run-output/data/analysis/paper_repro/05_extension_e3_e4/e3_c4r_journal/v3_matched/c4r_matched_v3_contrasts.csv

Sheet SOURCE
A1: T7-1 · 실제 입력 산출물
A2: 선택 실행에서 읽은 실제 중간·최종 산출물입니다. 아래 ANALYSIS가 이 셀들을 직접 참조합니다.
A4: 입력 1: frozen_outputs/analysis/paper_repro/02_llm_hypothesis_tests/holm_h1_h3/holm_H1_score.csv
A5: 파일 크기(bytes) | B5: 3433 | C5: 생산 코드 | D5: analysis synthesis from registered hypothesis tests | E5: SHA256 | F5: 8556C662B821B4ACDB6EE66BB02CC093C7C8E86C5B6347D8552F19266C0CB2F3 | G5: 읽기 상태 | H5: OK
A6: hypothesis | B6: contrast | C6: policy_a | D6: policy_b | E6: mode | F6: backend_label | G6: run_dir | H6: n_pairs | I6: n_nonzero_pairs | J6: mean_gap | K6: median_gap | L6: wilcoxon_p_raw | M6: holm_family | N6: wilcoxon_p_holm | O6: sig_holm
A7: H1_score | B7: C5-C4 | C7: C4 | D7: C5 | E7: candidate_selection | F7: ICb_gpt54mini_p50_live_seed1 | G7: embedded://historical-source/data/final_freeze/llm_runs/ICb_gpt54mini_p50_live_seed1/stage9_llm_rl_comparison | H7: 575 | I7: 79 | J7: 0.023674402 | K7: 0 | L7: 0.057257904 | M7: H1_score:candidate_selection | N7: 0.11451581 | O7: n.s.
A8: H1_score | B8: C5-C4 | C8: C4 | D8: C5 | E8: free_form_10d | F8: ICb_gpt54mini_p50_live_seed1 | G8: embedded://historical-source/data/final_freeze/llm_runs/ICb_gpt54mini_p50_live_seed1/stage9_llm_rl_comparison | H8: 575 | I8: 245 | J8: -0.24458485 | K8: 0 | L8: 2.4220305e-17 | M8: H1_score:free_form_10d | N8: 7.2660916e-17 | O8: ***
A9: H1_score | B9: C7-C6 | C9: C6 | D9: C7 | E9: free_form_10d | F9: ICb_gpt54mini_p50_live_seed1 | G9: embedded://historical-source/data/final_freeze/llm_runs/ICb_gpt54mini_p50_live_seed1/stage9_llm_rl_comparison | H9: 575 | I9: 251 | J9: -0.36563269 | K9: 0 | L9: 1.7511543e-26 | M9: H1_score:free_form_10d | N9: 8.7557714e-26 | O9: ***
A10: H1_score | B10: C5-C4 | C10: C4 | D10: C5 | E10: candidate_selection | F10: ICb_gpt41mini_p50_live_seed1_postpatch_20260705_153820 | G10: embedded://historical-source/data/final_freeze/llm_runs/ICb_gpt41mini_p50_live_seed1_postpatch_20260705_153820/stage9_llm_rl_comparison | H10: 575 | I10: 158 | J10: 0.0081689981 | K10: 0 | L10: 0.20812466 | M10: H1_score:candidate_selection | N10: 0.20812466 | O10: n.s.
A11: H1_score | B11: C5-C4 | C11: C4 | D11: C5 | E11: free_form_10d | F11: ICb_gpt41mini_p50_live_seed1_postpatch_20260705_153820 | G11: embedded://historical-source/data/final_freeze/llm_runs/ICb_gpt41mini_p50_live_seed1_postpatch_20260705_153820/stage9_llm_rl_comparison | H11: 575 | I11: 183 | J11: -0.19201133 | K11: 0 | L11: 5.873757e-17 | M11: H1_score:free_form_10d | N11: 1.1747514e-16 | O11: ***
A12: H1_score | B12: C7-C6 | C12: C6 | D12: C7 | E12: free_form_10d | F12: ICb_gpt41mini_p50_live_seed1_postpatch_20260705_153820 | G12: embedded://historical-source/data/final_freeze/llm_runs/ICb_gpt41mini_p50_live_seed1_postpatch_20260705_153820/stage9_llm_rl_comparison | H12: 575 | I12: 279 | J12: -0.48592464 | K12: 0 | L12: 1.258151e-35 | M12: H1_score:free_form_10d | N12: 7.5489063e-35 | O12: ***
A13: H1_score | B13: C5-C4 | C13: C4 | D13: C5 | E13: candidate_selection | F13: ICb_haiku45_p50_live_seed1_postpatch_20260705_190541 | G13: embedded://historical-source/data/final_freeze/llm_runs/ICb_haiku45_p50_live_seed1_postpatch_20260705_190541/stage9_llm_rl_comparison | H13: 575 | I13: 76 | J13: 0.086280353 | K13: 0 | L13: 4.042874e-08 | M13: H1_score:candidate_selection | N13: 1.2128622e-07 | O13: ***
A14: H1_score | B14: C5-C4 | C14: C4 | D14: C5 | E14: free_form_10d | F14: ICb_haiku45_p50_live_seed1_postpatch_20260705_190541 | G14: embedded://historical-source/data/final_freeze/llm_runs/ICb_haiku45_p50_live_seed1_postpatch_20260705_190541/stage9_llm_rl_comparison | H14: 569 | I14: 197 | J14: -0.23781162 | K14: 0 | L14: 8.6887126e-18 | M14: H1_score:free_form_10d | N14: 3.475485e-17 | O14: ***
A15: H1_score | B15: C7-C6 | C15: C6 | D15: C7 | E15: free_form_10d | F15: ICb_haiku45_p50_live_seed1_postpatch_20260705_190541 | G15: embedded://historical-source/data/final_freeze/llm_runs/ICb_haiku45_p50_live_seed1_postpatch_20260705_190541/stage9_llm_rl_comparison | H15: 563 | I15: 204 | J15: -0.2342626 | K15: 0 | L15: 2.3279436e-10 | M15: H1_score:free_form_10d | N15: 2.3279436e-10 | O15: ***
A18: 입력 2: frozen_outputs/analysis/paper_repro/02_llm_hypothesis_tests/holm_h1_h3/holm_H3_reference.csv
A19: 파일 크기(bytes) | B19: 2407 | C19: 생산 코드 | D19: analysis synthesis from registered hypothesis tests | E19: SHA256 | F19: 8E9CF323DD0CC6DB9EB19A3C10067D8C4F6774B2FF42D5E0B7FA58D458D45FB1 | G19: 읽기 상태 | H19: OK
A20: hypothesis | B20: contrast | C20: policy_a | D20: policy_b | E20: mode | F20: backend_label | G20: run_dir | H20: n_pairs | I20: n_nonzero_pairs | J20: mean_gap | K20: median_gap | L20: wilcoxon_p_raw | M20: holm_family | N20: wilcoxon_p_holm | O20: sig_holm
A21: H3_reference | B21: C6-C6X | C21: C6X | D21: C6 | E21: candidate_selection | F21: ICb_gpt54mini_p50_live_seed1 | G21: embedded://historical-source/data/final_freeze/llm_runs/ICb_gpt54mini_p50_live_seed1/stage9_llm_rl_comparison | H21: 575 | I21: 53 | J21: 0.039148217 | K21: 0 | L21: 0.0041766708 | M21: H3_reference:candidate_selection | N21: 0.0083533415 | O21: **
A22: H3_reference | B22: C6-C6X | C22: C6X | D22: C6 | E22: free_form_10d | F22: ICb_gpt54mini_p50_live_seed1 | G22: embedded://historical-source/data/final_freeze/llm_runs/ICb_gpt54mini_p50_live_seed1/stage9_llm_rl_comparison | H22: 575 | I22: 151 | J22: 0.17397525 | K22: 0 | L22: 4.0221885e-11 | M22: H3_reference:free_form_10d | N22: 8.0443769e-11 | O22: ***
A23: H3_reference | B23: C6-C6X | C23: C6X | D23: C6 | E23: candidate_selection | F23: ICb_gpt41mini_p50_live_seed1_postpatch_20260705_153820 | G23: embedded://historical-source/data/final_freeze/llm_runs/ICb_gpt41mini_p50_live_seed1_postpatch_20260705_153820/stage9_llm_rl_comparison | H23: 575 | I23: 111 | J23: 0.079683506 | K23: 0 | L23: 0.00045475479 | M23: H3_reference:candidate_selection | N23: 0.0013642644 | O23: **
A24: H3_reference | B24: C6-C6X | C24: C6X | D24: C6 | E24: free_form_10d | F24: ICb_gpt41mini_p50_live_seed1_postpatch_20260705_153820 | G24: embedded://historical-source/data/final_freeze/llm_runs/ICb_gpt41mini_p50_live_seed1_postpatch_20260705_153820/stage9_llm_rl_comparison | H24: 575 | I24: 195 | J24: 0.30967882 | K24: 0 | L24: 5.1482582e-19 | M24: H3_reference:free_form_10d | N24: 1.5444774e-18 | O24: ***
A25: H3_reference | B25: C6-C6X | C25: C6X | D25: C6 | E25: candidate_selection | F25: ICb_haiku45_p50_live_seed1_postpatch_20260705_190541 | G25: embedded://historical-source/data/final_freeze/llm_runs/ICb_haiku45_p50_live_seed1_postpatch_20260705_190541/stage9_llm_rl_comparison | H25: 575 | I25: 33 | J25: 0.015852154 | K25: 0 | L25: 0.098329826 | M25: H3_reference:candidate_selection | N25: 0.098329826 | O25: n.s.
A26: H3_reference | B26: C6-C6X | C26: C6X | D26: C6 | E26: free_form_10d | F26: ICb_haiku45_p50_live_seed1_postpatch_20260705_190541 | G26: embedded://historical-source/data/final_freeze/llm_runs/ICb_haiku45_p50_live_seed1_postpatch_20260705_190541/stage9_llm_rl_comparison | H26: 575 | I26: 136 | J26: 0.17893674 | K26: 0 | L26: 1.4568967e-10 | M26: H3_reference:free_form_10d | N26: 1.4568967e-10 | O26: ***
A29: 입력 3: embedded://selected-run-output/data/analysis/paper_repro/05_extension_e3_e4/e3_c4r_journal/v3_matched/c4r_matched_v3_contrasts.csv
A30: 파일 크기(bytes) | B30: 21156 | C30: 생산 코드 | D30: analysis synthesis from registered hypothesis tests | E30: SHA256 | F30: F6A52321BC31E9151900CC8FFCF60BB32B2D3D6E3DB021785144463DA45C7483 | G30: 읽기 상태 | H30: OK
A31: cohort_id | B31: backend_id | C31: run_role | D31: budget_label | E31: l1_budget | F31: oracle_backend | G31: contrast | H31: n_pairs | I31: mean_increment | J31: median_increment | K31: win_count | L31: tie_count | M31: loss_count | N31: wilcoxon_p_raw | O31: wilcoxon_p_holm_across_budgets | P31: holm_family_across_budgets | Q31: sig_holm_across_budgets
A32: gemini31flashlite | B32: google_gemini-3.1-flash-lite_generate-content_thinking-low_maxout-4096_json | C32: paper_c4r_journal_ext_gemini31flashlite | D32: 0p75 | E32: 0.75 | F32: alpha | G32: reference_content_conditional | H32: 575 | I32: -0.00098336451 | J32: 0 | K32: 54 | L32: 477 | M32: 44 | N32: 0.67705344 | O32: 0.67705344 | P32: cohort_oracle_contrast_across_budget_arms | Q32: n.s.
A33: gemini31flashlite | B33: google_gemini-3.1-flash-lite_generate-content_thinking-low_maxout-4096_json | C33: paper_c4r_journal_ext_gemini31flashlite | D33: 1p27 | E33: 1.27 | F33: alpha | G33: reference_content_conditional | H33: 575 | I33: 0.045167937 | J33: 0 | K33: 72 | L33: 463 | M33: 40 | N33: 0.017939618 | O33: 0.035879237 | P33: cohort_oracle_contrast_across_budget_arms | Q33: *
A34: gemini31flashlite | B34: google_gemini-3.1-flash-lite_generate-content_thinking-low_maxout-4096_json | C34: paper_c4r_journal_ext_gemini31flashlite | D34: 2p00 | E34: 2 | F34: alpha | G34: reference_content_conditional | H34: 575 | I34: 0.081483834 | J34: 0 | K34: 85 | L34: 449 | M34: 41 | N34: 0.000491999 | O34: 0.001475997 | P34: cohort_oracle_contrast_across_budget_arms | Q34: **
A35: gemini31flashlite | B35: google_gemini-3.1-flash-lite_generate-content_thinking-low_maxout-4096_json | C35: paper_c4r_journal_ext_gemini31flashlite | D35: unbounded | F35: alpha | G35: reference_content_conditional | H35: 575 | I35: 0.40240621 | J35: 0 | K35: 209 | L35: 347 | M35: 19 | N35: 1.5434023e-30 | O35: 6.1736094e-30 | P35: cohort_oracle_contrast_across_budget_arms | Q35: ***
A36: gemini31flashlite | B36: google_gemini-3.1-flash-lite_generate-content_thinking-low_maxout-4096_json | C36: paper_c4r_journal_ext_gemini31flashlite | D36: 0p75 | E36: 0.75 | F36: beta | G36: reference_content_conditional | H36: 575 | I36: -0.0052317656 | J36: 0 | K36: 258 | L36: 87 | M36: 230 | N36: 0.38633721 | O36: 0.38633721 | P36: cohort_oracle_contrast_across_budget_arms | Q36: n.s.
A37: gemini31flashlite | B37: google_gemini-3.1-flash-lite_generate-content_thinking-low_maxout-4096_json | C37: paper_c4r_journal_ext_gemini31flashlite | D37: 1p27 | E37: 1.27 | F37: beta | G37: reference_content_conditional | H37: 575 | I37: 0.0065415303 | J37: 9.1978503e-05 | K37: 295 | L37: 73 | M37: 207 | N37: 0.0011800158 | O37: 0.0035400474 | P37: cohort_oracle_contrast_across_budget_arms | Q37: **
A38: gemini31flashlite | B38: google_gemini-3.1-flash-lite_generate-content_thinking-low_maxout-4096_json | C38: paper_c4r_journal_ext_gemini31flashlite | D38: 2p00 | E38: 2 | F38: beta | G38: reference_content_conditional | H38: 575 | I38: 0.0075570021 | J38: 0.0001845743 | K38: 290 | L38: 53 | M38: 232 | N38: 0.006930842 | O38: 0.013861684 | P38: cohort_oracle_contrast_across_budget_arms | Q38: *
A39: gemini31flashlite | B39: google_gemini-3.1-flash-lite_generate-content_thinking-low_maxout-4096_json | C39: paper_c4r_journal_ext_gemini31flashlite | D39: unbounded | F39: beta | G39: reference_content_conditional | H39: 575 | I39: 0.082272127 | J39: 0.049246315 | K39: 410 | L39: 123 | M39: 42 | N39: 5.7083405e-67 | O39: 2.2833362e-66 | P39: cohort_oracle_contrast_across_budget_arms | Q39: ***
A40: gemini31flashlite | B40: google_gemini-3.1-flash-lite_generate-content_thinking-low_maxout-4096_json | C40: paper_c4r_journal_ext_gemini31flashlite | D40: 0p75 | E40: 0.75 | F40: gamma | G40: reference_content_conditional | H40: 575 | I40: 0.0018276959 | J40: 0 | K40: 85 | L40: 424 | M40: 66 | N40: 0.62580046 | O40: 0.62580046 | P40: cohort_oracle_contrast_across_budget_arms | Q40: n.s.
A41: gemini31flashlite | B41: google_gemini-3.1-flash-lite_generate-content_thinking-low_maxout-4096_json | C41: paper_c4r_journal_ext_gemini31flashlite | D41: 1p27 | E41: 1.27 | F41: gamma | G41: reference_content_conditional | H41: 575 | I41: 0.079484364 | J41: 0 | K41: 114 | L41: 402 | M41: 59 | N41: 3.7984784e-07 | O41: 1.1395435e-06 | P41: cohort_oracle_contrast_across_budget_arms | Q41: ***
A42: gemini31flashlite | B42: google_gemini-3.1-flash-lite_generate-content_thinking-low_maxout-4096_json | C42: paper_c4r_journal_ext_gemini31flashlite | D42: 2p00 | E42: 2 | F42: gamma | G42: reference_content_conditional | H42: 575 | I42: 0.028257244 | J42: 0 | K42: 116 | L42: 357 | M42: 102 | N42: 0.10113196 | O42: 0.20226392 | P42: cohort_oracle_contrast_across_budget_arms | Q42: n.s.
A43: gemini31flashlite | B43: google_gemini-3.1-flash-lite_generate-content_thinking-low_maxout-4096_json | C43: paper_c4r_journal_ext_gemini31flashlite | D43: unbounded | F43: gamma | G43: reference_content_conditional | H43: 575 | I43: 0.29317348 | J43: 0 | K43: 221 | L43: 294 | M43: 60 | N43: 2.9614245e-31 | O43: 1.1845698e-30 | P43: cohort_oracle_contrast_across_budget_arms | Q43: ***
A44: gemini31flashlite | B44: google_gemini-3.1-flash-lite_generate-content_thinking-low_maxout-4096_json | C44: paper_c4r_journal_ext_gemini31flashlite | D44: 0p75 | E44: 0.75 | F44: alpha | G44: reference_plus_revision_package | H44: 575 | I44: 0.069345489 | J44: 0 | K44: 80 | L44: 464 | M44: 31 | N44: 8.8566801e-05 | O44: 8.8566801e-05 | P44: cohort_oracle_contrast_across_budget_arms | Q44: ***
A45: gemini31flashlite | B45: google_gemini-3.1-flash-lite_generate-content_thinking-low_maxout-4096_json | C45: paper_c4r_journal_ext_gemini31flashlite | D45: 1p27 | E45: 1.27 | F45: alpha | G45: reference_plus_revision_package | H45: 575 | I45: 0.11566099 | J45: 0 | K45: 106 | L45: 436 | M45: 33 | N45: 6.8831305e-07 | O45: 1.3766261e-06 | P45: cohort_oracle_contrast_across_budget_arms | Q45: ***
A46: gemini31flashlite | B46: google_gemini-3.1-flash-lite_generate-content_thinking-low_maxout-4096_json | C46: paper_c4r_journal_ext_gemini31flashlite | D46: 2p00 | E46: 2 | F46: alpha | G46: reference_plus_revision_package | H46: 575 | I46: 0.14369843 | J46: 0 | K46: 123 | L46: 414 | M46: 38 | N46: 1.6687549e-08 | O46: 5.0062648e-08 | P46: cohort_oracle_contrast_across_budget_arms | Q46: ***
A47: gemini31flashlite | B47: google_gemini-3.1-flash-lite_generate-content_thinking-low_maxout-4096_json | C47: paper_c4r_journal_ext_gemini31flashlite | D47: unbounded | F47: alpha | G47: reference_plus_revision_package | H47: 575 | I47: 0.42133426 | J47: 0 | K47: 218 | L47: 344 | M47: 13 | N47: 2.8375875e-33 | O47: 1.135035e-32 | P47: cohort_oracle_contrast_across_budget_arms | Q47: ***
A48: gemini31flashlite | B48: google_gemini-3.1-flash-lite_generate-content_thinking-low_maxout-4096_json | C48: paper_c4r_journal_ext_gemini31flashlite | D48: 0p75 | E48: 0.75 | F48: beta | G48: reference_plus_revision_package | H48: 575 | I48: 0.0082999737 | J48: 0.00030034179 | K48: 297 | L48: 105 | M48: 173 | N48: 8.1923961e-08 | O48: 8.1923961e-08 | P48: cohort_oracle_contrast_across_budget_arms | Q48: ***
A49: gemini31flashlite | B49: google_gemini-3.1-flash-lite_generate-content_thinking-low_maxout-4096_json | C49: paper_c4r_journal_ext_gemini31flashlite | D49: 1p27 | E49: 1.27 | F49: beta | G49: reference_plus_revision_package | H49: 575 | I49: 0.019420248 | J49: 0.002336768 | K49: 322 | L49: 91 | M49: 162 | N49: 1.4852065e-17 | O49: 4.4556195e-17 | P49: cohort_oracle_contrast_across_budget_arms | Q49: ***
A50: gemini31flashlite | B50: google_gemini-3.1-flash-lite_generate-content_thinking-low_maxout-4096_json | C50: paper_c4r_journal_ext_gemini31flashlite | D50: 2p00 | E50: 2 | F50: beta | G50: reference_plus_revision_package | H50: 575 | I50: 0.016208471 | J50: 0.003535389 | K50: 330 | L50: 66 | M50: 179 | N50: 1.3460406e-11 | O50: 2.6920811e-11 | P50: cohort_oracle_contrast_across_budget_arms | Q50: ***
A51: gemini31flashlite | B51: google_gemini-3.1-flash-lite_generate-content_thinking-low_maxout-4096_json | C51: paper_c4r_journal_ext_gemini31flashlite | D51: unbounded | F51: beta | G51: reference_plus_revision_package | H51: 575 | I51: 0.08517421 | J51: 0.054921898 | K51: 423 | L51: 124 | M51: 28 | N51: 4.4568022e-70 | O51: 1.7827209e-69 | P51: cohort_oracle_contrast_across_budget_arms | Q51: ***
A52: gemini31flashlite | B52: google_gemini-3.1-flash-lite_generate-content_thinking-low_maxout-4096_json | C52: paper_c4r_journal_ext_gemini31flashlite | D52: 0p75 | E52: 0.75 | F52: gamma | G52: reference_plus_revision_package | H52: 575 | I52: 0.031550579 | J52: 0 | K52: 99 | L52: 408 | M52: 68 | N52: 0.010205537 | O52: 0.010205537 | P52: cohort_oracle_contrast_across_budget_arms | Q52: *
A53: gemini31flashlite | B53: google_gemini-3.1-flash-lite_generate-content_thinking-low_maxout-4096_json | C53: paper_c4r_journal_ext_gemini31flashlite | D53: 1p27 | E53: 1.27 | F53: gamma | G53: reference_plus_revision_package | H53: 575 | I53: 0.10978819 | J53: 0 | K53: 129 | L53: 391 | M53: 55 | N53: 6.7747176e-10 | O53: 1.3549435e-09 | P53: cohort_oracle_contrast_across_budget_arms | Q53: ***
A54: gemini31flashlite | B54: google_gemini-3.1-flash-lite_generate-content_thinking-low_maxout-4096_json | C54: paper_c4r_journal_ext_gemini31flashlite | D54: 2p00 | E54: 2 | F54: gamma | G54: reference_plus_revision_package | H54: 575 | I54: 0.11931369 | J54: 0 | K54: 147 | L54: 358 | M54: 70 | N54: 1.2223304e-10 | O54: 3.6669913e-10 | P54: cohort_oracle_contrast_across_budget_arms | Q54: ***
A55: gemini31flashlite | B55: google_gemini-3.1-flash-lite_generate-content_thinking-low_maxout-4096_json | C55: paper_c4r_journal_ext_gemini31flashlite | D55: unbounded | F55: gamma | G55: reference_plus_revision_package | H55: 575 | I55: 0.32782122 | J55: 0 | K55: 231 | L55: 295 | M55: 49 | N55: 2.1094053e-35 | O55: 8.4376211e-35 | P55: cohort_oracle_contrast_across_budget_arms | Q55: ***
A56: gemini31flashlite | B56: google_gemini-3.1-flash-lite_generate-content_thinking-low_maxout-4096_json | C56: paper_c4r_journal_ext_gemini31flashlite | D56: 0p75 | E56: 0.75 | F56: alpha | G56: self_revision | H56: 575 | I56: 0.070328854 | J56: 0 | K56: 66 | L56: 484 | M56: 25 | N56: 7.7132895e-05 | O56: 0.00030853158 | P56: cohort_oracle_contrast_across_budget_arms | Q56: ***
A57: gemini31flashlite | B57: google_gemini-3.1-flash-lite_generate-content_thinking-low_maxout-4096_json | C57: paper_c4r_journal_ext_gemini31flashlite | D57: 1p27 | E57: 1.27 | F57: alpha | G57: self_revision | H57: 575 | I57: 0.07049305 | J57: 0 | K57: 77 | L57: 464 | M57: 34 | N57: 0.0026702809 | O57: 0.0065746427 | P57: cohort_oracle_contrast_across_budget_arms | Q57: **
A58: gemini31flashlite | B58: google_gemini-3.1-flash-lite_generate-content_thinking-low_maxout-4096_json | C58: paper_c4r_journal_ext_gemini31flashlite | D58: 2p00 | E58: 2 | F58: alpha | G58: self_revision | H58: 575 | I58: 0.062214598 | J58: 0 | K58: 78 | L58: 458 | M58: 39 | N58: 0.0021915476 | O58: 0.0065746427 | P58: cohort_oracle_contrast_across_budget_arms | Q58: **
A59: gemini31flashlite | B59: google_gemini-3.1-flash-lite_generate-content_thinking-low_maxout-4096_json | C59: paper_c4r_journal_ext_gemini31flashlite | D59: unbounded | F59: alpha | G59: self_revision | H59: 575 | I59: 0.018928051 | J59: 0 | K59: 24 | L59: 547 | M59: 4 | N59: 0.004733027 | O59: 0.0065746427 | P59: cohort_oracle_contrast_across_budget_arms | Q59: **
A60: gemini31flashlite | B60: google_gemini-3.1-flash-lite_generate-content_thinking-low_maxout-4096_json | C60: paper_c4r_journal_ext_gemini31flashlite | D60: 0p75 | E60: 0.75 | F60: beta | G60: self_revision | H60: 575 | I60: 0.013531739 | J60: 0 | K60: 261 | L60: 155 | M60: 159 | N60: 1.1896368e-10 | O60: 4.7585471e-10 | P60: cohort_oracle_contrast_across_budget_arms | Q60: ***
A61: gemini31flashlite | B61: google_gemini-3.1-flash-lite_generate-content_thinking-low_maxout-4096_json | C61: paper_c4r_journal_ext_gemini31flashlite | D61: 1p27 | E61: 1.27 | F61: beta | G61: self_revision | H61: 575 | I61: 0.012878717 | J61: 0 | K61: 265 | L61: 139 | M61: 171 | N61: 9.5954095e-10 | O61: 2.8786228e-09 | P61: cohort_oracle_contrast_across_budget_arms | Q61: ***
A62: gemini31flashlite | B62: google_gemini-3.1-flash-lite_generate-content_thinking-low_maxout-4096_json | C62: paper_c4r_journal_ext_gemini31flashlite | D62: 2p00 | E62: 2 | F62: beta | G62: self_revision | H62: 575 | I62: 0.0086514691 | J62: 0 | K62: 280 | L62: 106 | M62: 189 | N62: 7.8548765e-06 | O62: 1.5709753e-05 | P62: cohort_oracle_contrast_across_budget_arms | Q62: ***
A63: gemini31flashlite | B63: google_gemini-3.1-flash-lite_generate-content_thinking-low_maxout-4096_json | C63: paper_c4r_journal_ext_gemini31flashlite | D63: unbounded | F63: beta | G63: self_revision | H63: 575 | I63: 0.002902083 | J63: 0 | K63: 76 | L63: 463 | M63: 36 | N63: 0.00016248863 | O63: 0.00016248863 | P63: cohort_oracle_contrast_across_budget_arms | Q63: ***
A64: gemini31flashlite | B64: google_gemini-3.1-flash-lite_generate-content_thinking-low_maxout-4096_json | C64: paper_c4r_journal_ext_gemini31flashlite | D64: 0p75 | E64: 0.75 | F64: gamma | G64: self_revision | H64: 575 | I64: 0.029722883 | J64: 0 | K64: 80 | L64: 427 | M64: 68 | N64: 0.059868814 | O64: 0.059868814 | P64: cohort_oracle_contrast_across_budget_arms | Q64: n.s.
A65: gemini31flashlite | B65: google_gemini-3.1-flash-lite_generate-content_thinking-low_maxout-4096_json | C65: paper_c4r_journal_ext_gemini31flashlite | D65: 1p27 | E65: 1.27 | F65: gamma | G65: self_revision | H65: 575 | I65: 0.030303829 | J65: 0 | K65: 88 | L65: 427 | M65: 60 | N65: 0.025419139 | O65: 0.050838277 | P65: cohort_oracle_contrast_across_budget_arms | Q65: n.s.
A66: gemini31flashlite | B66: google_gemini-3.1-flash-lite_generate-content_thinking-low_maxout-4096_json | C66: paper_c4r_journal_ext_gemini31flashlite | D66: 2p00 | E66: 2 | F66: gamma | G66: self_revision | H66: 575 | I66: 0.091056441 | J66: 0 | K66: 125 | L66: 393 | M66: 57 | N66: 9.2701939e-07 | O66: 3.7080775e-06 | P66: cohort_oracle_contrast_across_budget_arms | Q66: ***
A67: gemini31flashlite | B67: google_gemini-3.1-flash-lite_generate-content_thinking-low_maxout-4096_json | C67: paper_c4r_journal_ext_gemini31flashlite | D67: unbounded | F67: gamma | G67: self_revision | H67: 575 | I67: 0.034647739 | J67: 0 | K67: 30 | L67: 535 | M67: 10 | N67: 6.5450527e-05 | O67: 0.00019635158 | P67: cohort_oracle_contrast_across_budget_arms | Q67: ***
A68: gpt54mini | B68: openai_gpt-5.4-mini_responses_reasoning-low_maxout-1200 | C68: paper_c4r_journal_ext_gpt54mini | D68: 0p75 | E68: 0.75 | F68: alpha | G68: reference_content_conditional | H68: 575 | I68: 0.076185292 | J68: 0 | K68: 85 | L68: 446 | M68: 44 | N68: 0.00013198286 | O68: 0.00013198286 | P68: cohort_oracle_contrast_across_budget_arms | Q68: ***
A69: gpt54mini | B69: openai_gpt-5.4-mini_responses_reasoning-low_maxout-1200 | C69: paper_c4r_journal_ext_gpt54mini | D69: 1p27 | E69: 1.27 | F69: alpha | G69: reference_content_conditional | H69: 575 | I69: 0.13298517 | J69: 0 | K69: 98 | L69: 443 | M69: 34 | N69: 5.6045139e-07 | O69: 2.2418056e-06 | P69: cohort_oracle_contrast_across_budget_arms | Q69: ***
A70: gpt54mini | B70: openai_gpt-5.4-mini_responses_reasoning-low_maxout-1200 | C70: paper_c4r_journal_ext_gpt54mini | D70: 2p00 | E70: 2 | F70: alpha | G70: reference_content_conditional | H70: 575 | I70: 0.15241752 | J70: 0 | K70: 125 | L70: 391 | M70: 59 | N70: 2.3798785e-06 | O70: 4.7597571e-06 | P70: cohort_oracle_contrast_across_budget_arms | Q70: ***
A71: gpt54mini | B71: openai_gpt-5.4-mini_responses_reasoning-low_maxout-1200 | C71: paper_c4r_journal_ext_gpt54mini | D71: unbounded | F71: alpha | G71: reference_content_conditional | H71: 575 | I71: 0.13463654 | J71: 0 | K71: 110 | L71: 423 | M71: 42 | N71: 9.3993798e-07 | O71: 2.8198139e-06 | P71: cohort_oracle_contrast_across_budget_arms | Q71: ***
A72: gpt54mini | B72: openai_gpt-5.4-mini_responses_reasoning-low_maxout-1200 | C72: paper_c4r_journal_ext_gpt54mini | D72: 0p75 | E72: 0.75 | F72: beta | G72: reference_content_conditional | H72: 575 | I72: 0.019326629 | J72: 0.0049440645 | K72: 336 | L72: 24 | M72: 215 | N72: 4.9807192e-10 | O72: 4.9807192e-10 | P72: cohort_oracle_contrast_across_budget_arms | Q72: ***
A73: gpt54mini | B73: openai_gpt-5.4-mini_responses_reasoning-low_maxout-1200 | C73: paper_c4r_journal_ext_gpt54mini | D73: 1p27 | E73: 1.27 | F73: beta | G73: reference_content_conditional | H73: 575 | I73: 0.024648394 | J73: 0.0027042404 | K73: 307 | L73: 76 | M73: 192 | N73: 1.7337154e-16 | O73: 5.2011461e-16 | P73: cohort_oracle_contrast_across_budget_arms | Q73: ***
A74: gpt54mini | B74: openai_gpt-5.4-mini_responses_reasoning-low_maxout-1200 | C74: paper_c4r_journal_ext_gpt54mini | D74: 2p00 | E74: 2 | F74: beta | G74: reference_content_conditional | H74: 575 | I74: 0.020829418 | J74: 0.0070810631 | K74: 325 | L74: 46 | M74: 204 | N74: 1.1744175e-10 | O74: 2.348835e-10 | P74: cohort_oracle_contrast_across_budget_arms | Q74: ***
A75: gpt54mini | B75: openai_gpt-5.4-mini_responses_reasoning-low_maxout-1200 | C75: paper_c4r_journal_ext_gpt54mini | D75: unbounded | F75: beta | G75: reference_content_conditional | H75: 575 | I75: 0.027890204 | J75: 0.013396205 | K75: 363 | L75: 37 | M75: 175 | N75: 4.4766519e-24 | O75: 1.7906608e-23 | P75: cohort_oracle_contrast_across_budget_arms | Q75: ***
A76: gpt54mini | B76: openai_gpt-5.4-mini_responses_reasoning-low_maxout-1200 | C76: paper_c4r_journal_ext_gpt54mini | D76: 0p75 | E76: 0.75 | F76: gamma | G76: reference_content_conditional | H76: 575 | I76: 0.067667656 | J76: 0 | K76: 123 | L76: 374 | M76: 78 | N76: 0.00013127178 | O76: 0.00013127178 | P76: cohort_oracle_contrast_across_budget_arms | Q76: ***
A77: gpt54mini | B77: openai_gpt-5.4-mini_responses_reasoning-low_maxout-1200 | C77: paper_c4r_journal_ext_gpt54mini | D77: 1p27 | E77: 1.27 | F77: gamma | G77: reference_content_conditional | H77: 575 | I77: 0.079751237 | J77: 0 | K77: 120 | L77: 391 | M77: 64 | N77: 3.915705e-08 | O77: 1.1747115e-07 | P77: cohort_oracle_contrast_across_budget_arms | Q77: ***
A78: gpt54mini | B78: openai_gpt-5.4-mini_responses_reasoning-low_maxout-1200 | C78: paper_c4r_journal_ext_gpt54mini | D78: 2p00 | E78: 2 | F78: gamma | G78: reference_content_conditional | H78: 575 | I78: 0.090638858 | J78: 0 | K78: 155 | L78: 326 | M78: 94 | N78: 1.4106706e-06 | O78: 2.8213411e-06 | P78: cohort_oracle_contrast_across_budget_arms | Q78: ***
A79: gpt54mini | B79: openai_gpt-5.4-mini_responses_reasoning-low_maxout-1200 | C79: paper_c4r_journal_ext_gpt54mini | D79: unbounded | F79: gamma | G79: reference_content_conditional | H79: 575 | I79: 0.11509893 | J79: 0 | K79: 180 | L79: 324 | M79: 71 | N79: 3.2225917e-11 | O79: 1.2890367e-10 | P79: cohort_oracle_contrast_across_budget_arms | Q79: ***
A80: gpt54mini | B80: openai_gpt-5.4-mini_responses_reasoning-low_maxout-1200 | C80: paper_c4r_journal_ext_gpt54mini | D80: 0p75 | E80: 0.75 | F80: alpha | G80: reference_plus_revision_package | H80: 575 | I80: -0.028788432 | J80: 0 | K80: 44 | L80: 456 | M80: 75 | N80: 0.089104097 | O80: 0.17820819 | P80: cohort_oracle_contrast_across_budget_arms | Q80: n.s.
A81: gpt54mini | B81: openai_gpt-5.4-mini_responses_reasoning-low_maxout-1200 | C81: paper_c4r_journal_ext_gpt54mini | D81: 1p27 | E81: 1.27 | F81: alpha | G81: reference_plus_revision_package | H81: 575 | I81: 0.08681092 | J81: 0 | K81: 78 | L81: 462 | M81: 35 | N81: 0.0004681335 | O81: 0.0014044005 | P81: cohort_oracle_contrast_across_budget_arms | Q81: **
A82: gpt54mini | B82: openai_gpt-5.4-mini_responses_reasoning-low_maxout-1200 | C82: paper_c4r_journal_ext_gpt54mini | D82: 2p00 | E82: 2 | F82: alpha | G82: reference_plus_revision_package | H82: 575 | I82: 0.037930837 | J82: 0 | K82: 91 | L82: 399 | M82: 85 | N82: 0.43270267 | O82: 0.43270267 | P82: cohort_oracle_contrast_across_budget_arms | Q82: n.s.
A83: gpt54mini | B83: openai_gpt-5.4-mini_responses_reasoning-low_maxout-1200 | C83: paper_c4r_journal_ext_gpt54mini | D83: unbounded | F83: alpha | G83: reference_plus_revision_package | H83: 575 | I83: 0.17607408 | J83: 0 | K83: 135 | L83: 409 | M83: 31 | N83: 1.2372351e-12 | O83: 4.9489406e-12 | P83: cohort_oracle_contrast_across_budget_arms | Q83: ***
A84: gpt54mini | B84: openai_gpt-5.4-mini_responses_reasoning-low_maxout-1200 | C84: paper_c4r_journal_ext_gpt54mini | D84: 0p75 | E84: 0.75 | F84: beta | G84: reference_plus_revision_package | H84: 575 | I84: -0.0080959548 | J84: -0.0031365795 | K84: 207 | L84: 28 | M84: 340 | N84: 2.3206897e-05 | O84: 4.6413793e-05 | P84: cohort_oracle_contrast_across_budget_arms | Q84: ***
A85: gpt54mini | B85: openai_gpt-5.4-mini_responses_reasoning-low_maxout-1200 | C85: paper_c4r_journal_ext_gpt54mini | D85: 1p27 | E85: 1.27 | F85: beta | G85: reference_plus_revision_package | H85: 575 | I85: 0.015484998 | J85: 0 | K85: 273 | L85: 87 | M85: 215 | N85: 4.1848218e-07 | O85: 1.2554465e-06 | P85: cohort_oracle_contrast_across_budget_arms | Q85: ***
A86: gpt54mini | B86: openai_gpt-5.4-mini_responses_reasoning-low_maxout-1200 | C86: paper_c4r_journal_ext_gpt54mini | D86: 2p00 | E86: 2 | F86: beta | G86: reference_plus_revision_package | H86: 575 | I86: -0.0031265676 | J86: 0 | K86: 238 | L86: 55 | M86: 282 | N86: 0.37439331 | O86: 0.37439331 | P86: cohort_oracle_contrast_across_budget_arms | Q86: n.s.
A87: gpt54mini | B87: openai_gpt-5.4-mini_responses_reasoning-low_maxout-1200 | C87: paper_c4r_journal_ext_gpt54mini | D87: unbounded | F87: beta | G87: reference_plus_revision_package | H87: 575 | I87: 0.034702621 | J87: 0.020665172 | K87: 394 | L87: 40 | M87: 141 | N87: 2.8484787e-37 | O87: 1.1393915e-36 | P87: cohort_oracle_contrast_across_budget_arms | Q87: ***
A88: gpt54mini | B88: openai_gpt-5.4-mini_responses_reasoning-low_maxout-1200 | C88: paper_c4r_journal_ext_gpt54mini | D88: 0p75 | E88: 0.75 | F88: gamma | G88: reference_plus_revision_package | H88: 575 | I88: -0.017226816 | J88: 0 | K88: 85 | L88: 387 | M88: 103 | N88: 0.046181099 | O88: 0.092362198 | P88: cohort_oracle_contrast_across_budget_arms | Q88: n.s.
A89: gpt54mini | B89: openai_gpt-5.4-mini_responses_reasoning-low_maxout-1200 | C89: paper_c4r_journal_ext_gpt54mini | D89: 1p27 | E89: 1.27 | F89: gamma | G89: reference_plus_revision_package | H89: 575 | I89: 0.039940431 | J89: 0 | K89: 109 | L89: 388 | M89: 78 | N89: 0.0008856046 | O89: 0.0026568138 | P89: cohort_oracle_contrast_across_budget_arms | Q89: **
A90: gpt54mini | B90: openai_gpt-5.4-mini_responses_reasoning-low_maxout-1200 | C90: paper_c4r_journal_ext_gpt54mini | D90: 2p00 | E90: 2 | F90: gamma | G90: reference_plus_revision_package | H90: 575 | I90: 0.036767826 | J90: 0 | K90: 134 | L90: 319 | M90: 122 | N90: 0.19889386 | O90: 0.19889386 | P90: cohort_oracle_contrast_across_budget_arms | Q90: n.s.
A91: gpt54mini | B91: openai_gpt-5.4-mini_responses_reasoning-low_maxout-1200 | C91: paper_c4r_journal_ext_gpt54mini | D91: unbounded | F91: gamma | G91: reference_plus_revision_package | H91: 575 | I91: 0.14988982 | J91: 0 | K91: 186 | L91: 337 | M91: 52 | N91: 1.2350042e-19 | O91: 4.9400167e-19 | P91: cohort_oracle_contrast_across_budget_arms | Q91: ***
A92: gpt54mini | B92: openai_gpt-5.4-mini_responses_reasoning-low_maxout-1200 | C92: paper_c4r_journal_ext_gpt54mini | D92: 0p75 | E92: 0.75 | F92: alpha | G92: self_revision | H92: 575 | I92: -0.10497372 | J92: 0 | K92: 12 | L92: 475 | M92: 88 | N92: 1.0774528e-11 | O92: 4.3098112e-11 | P92: cohort_oracle_contrast_across_budget_arms | Q92: ***
A93: gpt54mini | B93: openai_gpt-5.4-mini_responses_reasoning-low_maxout-1200 | C93: paper_c4r_journal_ext_gpt54mini | D93: 1p27 | E93: 1.27 | F93: alpha | G93: self_revision | H93: 575 | I93: -0.046174253 | J93: 0 | K93: 8 | L93: 538 | M93: 29 | N93: 0.00092411561 | O93: 0.00092411561 | P93: cohort_oracle_contrast_across_budget_arms | Q93: ***
A94: gpt54mini | B94: openai_gpt-5.4-mini_responses_reasoning-low_maxout-1200 | C94: paper_c4r_journal_ext_gpt54mini | D94: 2p00 | E94: 2 | F94: alpha | G94: self_revision | H94: 575 | I94: -0.11448668 | J94: 0 | K94: 19 | L94: 482 | M94: 74 | N94: 9.7750429e-08 | O94: 2.9325129e-07 | P94: cohort_oracle_contrast_across_budget_arms | Q94: ***
A95: gpt54mini | B95: openai_gpt-5.4-mini_responses_reasoning-low_maxout-1200 | C95: paper_c4r_journal_ext_gpt54mini | D95: unbounded | F95: alpha | G95: self_revision | H95: 575 | I95: 0.041437533 | J95: 0 | K95: 45 | L95: 520 | M95: 10 | N95: 3.3392816e-05 | O95: 6.6785632e-05 | P95: cohort_oracle_contrast_across_budget_arms | Q95: ***
A96: gpt54mini | B96: openai_gpt-5.4-mini_responses_reasoning-low_maxout-1200 | C96: paper_c4r_journal_ext_gpt54mini | D96: 0p75 | E96: 0.75 | F96: beta | G96: self_revision | H96: 575 | I96: -0.027422584 | J96: -0.0043640116 | K96: 50 | L96: 186 | M96: 339 | N96: 9.4359723e-40 | O96: 3.7743889e-39 | P96: cohort_oracle_contrast_across_budget_arms | Q96: ***
A97: gpt54mini | B97: openai_gpt-5.4-mini_responses_reasoning-low_maxout-1200 | C97: paper_c4r_journal_ext_gpt54mini | D97: 1p27 | E97: 1.27 | F97: beta | G97: self_revision | H97: 575 | I97: -0.0091633953 | J97: 0 | K97: 45 | L97: 381 | M97: 149 | N97: 4.8663875e-15 | O97: 9.7327749e-15 | P97: cohort_oracle_contrast_across_budget_arms | Q97: ***
A98: gpt54mini | B98: openai_gpt-5.4-mini_responses_reasoning-low_maxout-1200 | C98: paper_c4r_journal_ext_gpt54mini | D98: 2p00 | E98: 2 | F98: beta | G98: self_revision | H98: 575 | I98: -0.023955986 | J98: 0 | K98: 57 | L98: 293 | M98: 225 | N98: 1.7370761e-22 | O98: 5.2112284e-22 | P98: cohort_oracle_contrast_across_budget_arms | Q98: ***
A99: gpt54mini | B99: openai_gpt-5.4-mini_responses_reasoning-low_maxout-1200 | C99: paper_c4r_journal_ext_gpt54mini | D99: unbounded | F99: beta | G99: self_revision | H99: 575 | I99: 0.0068124166 | J99: 0 | K99: 184 | L99: 310 | M99: 81 | N99: 1.4393344e-11 | O99: 1.4393344e-11 | P99: cohort_oracle_contrast_across_budget_arms | Q99: ***
A100: gpt54mini | B100: openai_gpt-5.4-mini_responses_reasoning-low_maxout-1200 | C100: paper_c4r_journal_ext_gpt54mini | D100: 0p75 | E100: 0.75 | F100: gamma | G100: self_revision | H100: 575 | I100: -0.084894472 | J100: 0 | K100: 33 | L100: 442 | M100: 100 | N100: 1.6148476e-12 | O100: 6.4593903e-12 | P100: cohort_oracle_contrast_across_budget_arms | Q100: ***
A101: gpt54mini | B101: openai_gpt-5.4-mini_responses_reasoning-low_maxout-1200 | C101: paper_c4r_journal_ext_gpt54mini | D101: 1p27 | E101: 1.27 | F101: gamma | G101: self_revision | H101: 575 | I101: -0.039810806 | J101: 0 | K101: 16 | L101: 517 | M101: 42 | N101: 1.3775467e-05 | O101: 2.7550934e-05 | P101: cohort_oracle_contrast_across_budget_arms | Q101: ***
A102: gpt54mini | B102: openai_gpt-5.4-mini_responses_reasoning-low_maxout-1200 | C102: paper_c4r_journal_ext_gpt54mini | D102: 2p00 | E102: 2 | F102: gamma | G102: self_revision | H102: 575 | I102: -0.053871032 | J102: 0 | K102: 38 | L102: 452 | M102: 85 | N102: 4.7360886e-07 | O102: 1.4208266e-06 | P102: cohort_oracle_contrast_across_budget_arms | Q102: ***
A103: gpt54mini | B103: openai_gpt-5.4-mini_responses_reasoning-low_maxout-1200 | C103: paper_c4r_journal_ext_gpt54mini | D103: unbounded | F103: gamma | G103: self_revision | H103: 575 | I103: 0.034790897 | J103: 0 | K103: 58 | L103: 484 | M103: 33 | N103: 8.2795592e-05 | O103: 8.2795592e-05 | P103: cohort_oracle_contrast_across_budget_arms | Q103: ***

Sheet CALCULATION
A1: T7-1 · 분석 과정
A2: 필터·분석단위와 실제 계산 결과입니다. 수치 셀은 SOURCE를 직접 참조합니다.
A4: 항목 | B4: 내용
A5: 계산 방법 | B5: 계산 가능한 결과는 실행 산출물에서 계산하고 정의·설정은 별도로 구분
A6: 생산 코드 | B6: analysis synthesis from registered hypothesis tests
A7: 선택 실행 | B7: V11_FINAL_FROZEN_REPLAY_RESUME
A11: 이 표·그림과 연결된 본문 핵심 수치
A12: 수치 ID | B12: 본문 주장 | C12: 논문 표시값 | D12: 재계산값 | E12: 확인 결과 | F12: 계산식 | G12: 실제 입력 산출물
A13: NC0256-02 | B13: RQ2는 각 정책의 행동이 비교정책과 견주었을 때 어떤 정책가치를 보였는지를 묻는다. Oracle-α에서 11개 표준 후보행동의 상한은 +1.131이었고, Candidate-IQL은 +0.630으로 무행동보다 높은 정책가치를 보였다. GPT-5.4-mini의 IC-b 조건에서는 표준 후보선택 C4가 +0.566, 자유작성 C4가 +0.885, 자유작성 C6이 +1.103이었다. C6는 Candidate-IQL을 참조정책으로 LLM에 제공한 조건이다. | C13: +1.131 | D13: 계산 불가 | E13: 현재 산출물로 계산할 수 없음 | F13: MEAN_i(MAX over ten fixed candidate actions and no-op of [R_score_alpha(action_i) - R_score_alpha(noop_i)]) | G13: embedded://selected-run-output/data/final_freeze/stage6_candidate_selector_eval/multi_oracle_policy_eval.parquet; frozen_outputs/final_freeze/stage6_candidate_selector_eval/derived_comparators_runtime.json; frozen_outputs/final_freeze/stage6_multi_oracle_eval/final_policy_summary.csv; frozen_outputs/final_freeze/stage6_multi_oracle_eval/summary_by_policy_alpha.csv; frozen_outputs/final_freeze/stage6_multi_oracle_eval/summary_by_policy_beta.csv; frozen_outputs/final_freeze/stage6_multi_oracle_eval/summary_by_policy_gamma.csv
A14: NC0256-03 | B14: RQ2는 각 정책의 행동이 비교정책과 견주었을 때 어떤 정책가치를 보였는지를 묻는다. Oracle-α에서 11개 표준 후보행동의 상한은 +1.131이었고, Candidate-IQL은 +0.630으로 무행동보다 높은 정책가치를 보였다. GPT-5.4-mini의 IC-b 조건에서는 표준 후보선택 C4가 +0.566, 자유작성 C4가 +0.885, 자유작성 C6이 +1.103이었다. C6는 Candidate-IQL을 참조정책으로 LLM에 제공한 조건이다. | C14: +0.630 | D14: 0.63 | E14: 논문값과 일치 | F14: MEAN_i(R_score_alpha(action_i) - R_score_alpha(noop_i)) | G14: frozen_outputs/final_freeze/stage6_multi_oracle_eval/final_policy_summary.csv
A17: 계산 데이터: h1_evidence
A18: 입력 파일 | B18: data/analysis/paper_repro/02_llm_hypothesis_tests/holm_h1_h3/holm_H1_score.csv
A19: 선택 조건 | B19: []
A20: 분석 단위 | B20: contrast; mode; backend_label
A21: 집계 | B21: PRODUCER_AGGREGATE_NO_REAGGREGATION
A22: hypothesis | B22: contrast | C22: mode | D22: backend_label | E22: n_pairs | F22: mean_gap | G22: wilcoxon_p_holm | H22: sig_holm
A23: ='SOURCE'!A7 | B23: ='SOURCE'!B7 | C23: ='SOURCE'!E7 | D23: ='SOURCE'!F7 | E23: ='SOURCE'!H7 | F23: ='SOURCE'!J7 | G23: ='SOURCE'!N7 | H23: ='SOURCE'!O7
A24: ='SOURCE'!A8 | B24: ='SOURCE'!B8 | C24: ='SOURCE'!E8 | D24: ='SOURCE'!F8 | E24: ='SOURCE'!H8 | F24: ='SOURCE'!J8 | G24: ='SOURCE'!N8 | H24: ='SOURCE'!O8
A25: ='SOURCE'!A9 | B25: ='SOURCE'!B9 | C25: ='SOURCE'!E9 | D25: ='SOURCE'!F9 | E25: ='SOURCE'!H9 | F25: ='SOURCE'!J9 | G25: ='SOURCE'!N9 | H25: ='SOURCE'!O9
A26: ='SOURCE'!A10 | B26: ='SOURCE'!B10 | C26: ='SOURCE'!E10 | D26: ='SOURCE'!F10 | E26: ='SOURCE'!H10 | F26: ='SOURCE'!J10 | G26: ='SOURCE'!N10 | H26: ='SOURCE'!O10
A27: ='SOURCE'!A11 | B27: ='SOURCE'!B11 | C27: ='SOURCE'!E11 | D27: ='SOURCE'!F11 | E27: ='SOURCE'!H11 | F27: ='SOURCE'!J11 | G27: ='SOURCE'!N11 | H27: ='SOURCE'!O11
A28: ='SOURCE'!A12 | B28: ='SOURCE'!B12 | C28: ='SOURCE'!E12 | D28: ='SOURCE'!F12 | E28: ='SOURCE'!H12 | F28: ='SOURCE'!J12 | G28: ='SOURCE'!N12 | H28: ='SOURCE'!O12
A29: ='SOURCE'!A13 | B29: ='SOURCE'!B13 | C29: ='SOURCE'!E13 | D29: ='SOURCE'!F13 | E29: ='SOURCE'!H13 | F29: ='SOURCE'!J13 | G29: ='SOURCE'!N13 | H29: ='SOURCE'!O13
A30: ='SOURCE'!A14 | B30: ='SOURCE'!B14 | C30: ='SOURCE'!E14 | D30: ='SOURCE'!F14 | E30: ='SOURCE'!H14 | F30: ='SOURCE'!J14 | G30: ='SOURCE'!N14 | H30: ='SOURCE'!O14
A31: ='SOURCE'!A15 | B31: ='SOURCE'!B15 | C31: ='SOURCE'!E15 | D31: ='SOURCE'!F15 | E31: ='SOURCE'!H15 | F31: ='SOURCE'!J15 | G31: ='SOURCE'!N15 | H31: ='SOURCE'!O15
A34: 계산 데이터: h3_evidence
A35: 입력 파일 | B35: data/analysis/paper_repro/02_llm_hypothesis_tests/holm_h1_h3/holm_H3_reference.csv
A36: 선택 조건 | B36: []
A37: 분석 단위 | B37: contrast; mode; backend_label
A38: 집계 | B38: PRODUCER_AGGREGATE_NO_REAGGREGATION
A39: hypothesis | B39: contrast | C39: mode | D39: backend_label | E39: n_pairs | F39: mean_gap | G39: wilcoxon_p_holm | H39: sig_holm
A40: ='SOURCE'!A21 | B40: ='SOURCE'!B21 | C40: ='SOURCE'!E21 | D40: ='SOURCE'!F21 | E40: ='SOURCE'!H21 | F40: ='SOURCE'!J21 | G40: ='SOURCE'!N21 | H40: ='SOURCE'!O21
A41: ='SOURCE'!A22 | B41: ='SOURCE'!B22 | C41: ='SOURCE'!E22 | D41: ='SOURCE'!F22 | E41: ='SOURCE'!H22 | F41: ='SOURCE'!J22 | G41: ='SOURCE'!N22 | H41: ='SOURCE'!O22
A42: ='SOURCE'!A23 | B42: ='SOURCE'!B23 | C42: ='SOURCE'!E23 | D42: ='SOURCE'!F23 | E42: ='SOURCE'!H23 | F42: ='SOURCE'!J23 | G42: ='SOURCE'!N23 | H42: ='SOURCE'!O23
A43: ='SOURCE'!A24 | B43: ='SOURCE'!B24 | C43: ='SOURCE'!E24 | D43: ='SOURCE'!F24 | E43: ='SOURCE'!H24 | F43: ='SOURCE'!J24 | G43: ='SOURCE'!N24 | H43: ='SOURCE'!O24
A44: ='SOURCE'!A25 | B44: ='SOURCE'!B25 | C44: ='SOURCE'!E25 | D44: ='SOURCE'!F25 | E44: ='SOURCE'!H25 | F44: ='SOURCE'!J25 | G44: ='SOURCE'!N25 | H44: ='SOURCE'!O25
A45: ='SOURCE'!A26 | B45: ='SOURCE'!B26 | C45: ='SOURCE'!E26 | D45: ='SOURCE'!F26 | E45: ='SOURCE'!H26 | F45: ='SOURCE'!J26 | G45: ='SOURCE'!N26 | H45: ='SOURCE'!O26
A48: 계산 데이터: extension_evidence
A49: 입력 파일 | B49: data/analysis/paper_repro/05_extension_e3_e4/e3_c4r_journal/v3_matched/c4r_matched_v3_contrasts.csv
A50: 선택 조건 | B50: [{"column": "oracle_backend", "op": "equals", "value": "alpha"}]
A51: 분석 단위 | B51: cohort_id; budget_label; contrast
A52: 집계 | B52: PRODUCER_AGGREGATE_NO_REAGGREGATION
A53: cohort_id | B53: budget_label | C53: contrast | D53: n_pairs | E53: mean_increment | F53: wilcoxon_p_holm_across_budgets | G53: sig_holm_across_budgets
A54: ='SOURCE'!A32 | B54: ='SOURCE'!D32 | C54: ='SOURCE'!G32 | D54: ='SOURCE'!H32 | E54: ='SOURCE'!I32 | F54: ='SOURCE'!O32 | G54: ='SOURCE'!Q32
A55: ='SOURCE'!A33 | B55: ='SOURCE'!D33 | C55: ='SOURCE'!G33 | D55: ='SOURCE'!H33 | E55: ='SOURCE'!I33 | F55: ='SOURCE'!O33 | G55: ='SOURCE'!Q33
A56: ='SOURCE'!A34 | B56: ='SOURCE'!D34 | C56: ='SOURCE'!G34 | D56: ='SOURCE'!H34 | E56: ='SOURCE'!I34 | F56: ='SOURCE'!O34 | G56: ='SOURCE'!Q34
A57: ='SOURCE'!A35 | B57: ='SOURCE'!D35 | C57: ='SOURCE'!G35 | D57: ='SOURCE'!H35 | E57: ='SOURCE'!I35 | F57: ='SOURCE'!O35 | G57: ='SOURCE'!Q35
A58: ='SOURCE'!A44 | B58: ='SOURCE'!D44 | C58: ='SOURCE'!G44 | D58: ='SOURCE'!H44 | E58: ='SOURCE'!I44 | F58: ='SOURCE'!O44 | G58: ='SOURCE'!Q44
A59: ='SOURCE'!A45 | B59: ='SOURCE'!D45 | C59: ='SOURCE'!G45 | D59: ='SOURCE'!H45 | E59: ='SOURCE'!I45 | F59: ='SOURCE'!O45 | G59: ='SOURCE'!Q45
A60: ='SOURCE'!A46 | B60: ='SOURCE'!D46 | C60: ='SOURCE'!G46 | D60: ='SOURCE'!H46 | E60: ='SOURCE'!I46 | F60: ='SOURCE'!O46 | G60: ='SOURCE'!Q46
A61: ='SOURCE'!A47 | B61: ='SOURCE'!D47 | C61: ='SOURCE'!G47 | D61: ='SOURCE'!H47 | E61: ='SOURCE'!I47 | F61: ='SOURCE'!O47 | G61: ='SOURCE'!Q47
A62: ='SOURCE'!A56 | B62: ='SOURCE'!D56 | C62: ='SOURCE'!G56 | D62: ='SOURCE'!H56 | E62: ='SOURCE'!I56 | F62: ='SOURCE'!O56 | G62: ='SOURCE'!Q56
A63: ='SOURCE'!A57 | B63: ='SOURCE'!D57 | C63: ='SOURCE'!G57 | D63: ='SOURCE'!H57 | E63: ='SOURCE'!I57 | F63: ='SOURCE'!O57 | G63: ='SOURCE'!Q57
A64: ='SOURCE'!A58 | B64: ='SOURCE'!D58 | C64: ='SOURCE'!G58 | D64: ='SOURCE'!H58 | E64: ='SOURCE'!I58 | F64: ='SOURCE'!O58 | G64: ='SOURCE'!Q58
A65: ='SOURCE'!A59 | B65: ='SOURCE'!D59 | C65: ='SOURCE'!G59 | D65: ='SOURCE'!H59 | E65: ='SOURCE'!I59 | F65: ='SOURCE'!O59 | G65: ='SOURCE'!Q59
A66: ='SOURCE'!A68 | B66: ='SOURCE'!D68 | C66: ='SOURCE'!G68 | D66: ='SOURCE'!H68 | E66: ='SOURCE'!I68 | F66: ='SOURCE'!O68 | G66: ='SOURCE'!Q68
A67: ='SOURCE'!A69 | B67: ='SOURCE'!D69 | C67: ='SOURCE'!G69 | D67: ='SOURCE'!H69 | E67: ='SOURCE'!I69 | F67: ='SOURCE'!O69 | G67: ='SOURCE'!Q69
A68: ='SOURCE'!A70 | B68: ='SOURCE'!D70 | C68: ='SOURCE'!G70 | D68: ='SOURCE'!H70 | E68: ='SOURCE'!I70 | F68: ='SOURCE'!O70 | G68: ='SOURCE'!Q70
A69: ='SOURCE'!A71 | B69: ='SOURCE'!D71 | C69: ='SOURCE'!G71 | D69: ='SOURCE'!H71 | E69: ='SOURCE'!I71 | F69: ='SOURCE'!O71 | G69: ='SOURCE'!Q71
A70: ='SOURCE'!A80 | B70: ='SOURCE'!D80 | C70: ='SOURCE'!G80 | D70: ='SOURCE'!H80 | E70: ='SOURCE'!I80 | F70: ='SOURCE'!O80 | G70: ='SOURCE'!Q80
A71: ='SOURCE'!A81 | B71: ='SOURCE'!D81 | C71: ='SOURCE'!G81 | D71: ='SOURCE'!H81 | E71: ='SOURCE'!I81 | F71: ='SOURCE'!O81 | G71: ='SOURCE'!Q81
A72: ='SOURCE'!A82 | B72: ='SOURCE'!D82 | C72: ='SOURCE'!G82 | D72: ='SOURCE'!H82 | E72: ='SOURCE'!I82 | F72: ='SOURCE'!O82 | G72: ='SOURCE'!Q82
A73: ='SOURCE'!A83 | B73: ='SOURCE'!D83 | C73: ='SOURCE'!G83 | D73: ='SOURCE'!H83 | E73: ='SOURCE'!I83 | F73: ='SOURCE'!O83 | G73: ='SOURCE'!Q83
A74: ='SOURCE'!A92 | B74: ='SOURCE'!D92 | C74: ='SOURCE'!G92 | D74: ='SOURCE'!H92 | E74: ='SOURCE'!I92 | F74: ='SOURCE'!O92 | G74: ='SOURCE'!Q92
A75: ='SOURCE'!A93 | B75: ='SOURCE'!D93 | C75: ='SOURCE'!G93 | D75: ='SOURCE'!H93 | E75: ='SOURCE'!I93 | F75: ='SOURCE'!O93 | G75: ='SOURCE'!Q93
A76: ='SOURCE'!A94 | B76: ='SOURCE'!D94 | C76: ='SOURCE'!G94 | D76: ='SOURCE'!H94 | E76: ='SOURCE'!I94 | F76: ='SOURCE'!O94 | G76: ='SOURCE'!Q94
A77: ='SOURCE'!A95 | B77: ='SOURCE'!D95 | C77: ='SOURCE'!G95 | D77: ='SOURCE'!H95 | E77: ='SOURCE'!I95 | F77: ='SOURCE'!O95 | G77: ='SOURCE'!Q95

Sheet PAPER_TABLE
A1: T7-1 · 논문 표 작업용 결과
A2: ANALYSIS에서 계산된 값만 연결한 최종 작업표입니다. Excel에서 정렬·피벗·표시형식만 조정하면 됩니다.
A4: 계산 결과: h1_evidence
A5: ='CALCULATION'!A22 | B5: ='CALCULATION'!B22 | C5: ='CALCULATION'!C22 | D5: ='CALCULATION'!D22 | E5: ='CALCULATION'!E22 | F5: ='CALCULATION'!F22 | G5: ='CALCULATION'!G22 | H5: ='CALCULATION'!H22
A6: ='CALCULATION'!A23 | B6: ='CALCULATION'!B23 | C6: ='CALCULATION'!C23 | D6: ='CALCULATION'!D23 | E6: ='CALCULATION'!E23 | F6: ='CALCULATION'!F23 | G6: ='CALCULATION'!G23 | H6: ='CALCULATION'!H23
A7: ='CALCULATION'!A24 | B7: ='CALCULATION'!B24 | C7: ='CALCULATION'!C24 | D7: ='CALCULATION'!D24 | E7: ='CALCULATION'!E24 | F7: ='CALCULATION'!F24 | G7: ='CALCULATION'!G24 | H7: ='CALCULATION'!H24
A8: ='CALCULATION'!A25 | B8: ='CALCULATION'!B25 | C8: ='CALCULATION'!C25 | D8: ='CALCULATION'!D25 | E8: ='CALCULATION'!E25 | F8: ='CALCULATION'!F25 | G8: ='CALCULATION'!G25 | H8: ='CALCULATION'!H25
A9: ='CALCULATION'!A26 | B9: ='CALCULATION'!B26 | C9: ='CALCULATION'!C26 | D9: ='CALCULATION'!D26 | E9: ='CALCULATION'!E26 | F9: ='CALCULATION'!F26 | G9: ='CALCULATION'!G26 | H9: ='CALCULATION'!H26
A10: ='CALCULATION'!A27 | B10: ='CALCULATION'!B27 | C10: ='CALCULATION'!C27 | D10: ='CALCULATION'!D27 | E10: ='CALCULATION'!E27 | F10: ='CALCULATION'!F27 | G10: ='CALCULATION'!G27 | H10: ='CALCULATION'!H27
A11: ='CALCULATION'!A28 | B11: ='CALCULATION'!B28 | C11: ='CALCULATION'!C28 | D11: ='CALCULATION'!D28 | E11: ='CALCULATION'!E28 | F11: ='CALCULATION'!F28 | G11: ='CALCULATION'!G28 | H11: ='CALCULATION'!H28
A12: ='CALCULATION'!A29 | B12: ='CALCULATION'!B29 | C12: ='CALCULATION'!C29 | D12: ='CALCULATION'!D29 | E12: ='CALCULATION'!E29 | F12: ='CALCULATION'!F29 | G12: ='CALCULATION'!G29 | H12: ='CALCULATION'!H29
A13: ='CALCULATION'!A30 | B13: ='CALCULATION'!B30 | C13: ='CALCULATION'!C30 | D13: ='CALCULATION'!D30 | E13: ='CALCULATION'!E30 | F13: ='CALCULATION'!F30 | G13: ='CALCULATION'!G30 | H13: ='CALCULATION'!H30
A14: ='CALCULATION'!A31 | B14: ='CALCULATION'!B31 | C14: ='CALCULATION'!C31 | D14: ='CALCULATION'!D31 | E14: ='CALCULATION'!E31 | F14: ='CALCULATION'!F31 | G14: ='CALCULATION'!G31 | H14: ='CALCULATION'!H31
A17: 계산 결과: extension_evidence
A18: ='CALCULATION'!A53 | B18: ='CALCULATION'!B53 | C18: ='CALCULATION'!C53 | D18: ='CALCULATION'!D53 | E18: ='CALCULATION'!E53 | F18: ='CALCULATION'!F53 | G18: ='CALCULATION'!G53
A19: ='CALCULATION'!A54 | B19: ='CALCULATION'!B54 | C19: ='CALCULATION'!C54 | D19: ='CALCULATION'!D54 | E19: ='CALCULATION'!E54 | F19: ='CALCULATION'!F54 | G19: ='CALCULATION'!G54
A20: ='CALCULATION'!A55 | B20: ='CALCULATION'!B55 | C20: ='CALCULATION'!C55 | D20: ='CALCULATION'!D55 | E20: ='CALCULATION'!E55 | F20: ='CALCULATION'!F55 | G20: ='CALCULATION'!G55
A21: ='CALCULATION'!A56 | B21: ='CALCULATION'!B56 | C21: ='CALCULATION'!C56 | D21: ='CALCULATION'!D56 | E21: ='CALCULATION'!E56 | F21: ='CALCULATION'!F56 | G21: ='CALCULATION'!G56
A22: ='CALCULATION'!A57 | B22: ='CALCULATION'!B57 | C22: ='CALCULATION'!C57 | D22: ='CALCULATION'!D57 | E22: ='CALCULATION'!E57 | F22: ='CALCULATION'!F57 | G22: ='CALCULATION'!G57
A23: ='CALCULATION'!A58 | B23: ='CALCULATION'!B58 | C23: ='CALCULATION'!C58 | D23: ='CALCULATION'!D58 | E23: ='CALCULATION'!E58 | F23: ='CALCULATION'!F58 | G23: ='CALCULATION'!G58
A24: ='CALCULATION'!A59 | B24: ='CALCULATION'!B59 | C24: ='CALCULATION'!C59 | D24: ='CALCULATION'!D59 | E24: ='CALCULATION'!E59 | F24: ='CALCULATION'!F59 | G24: ='CALCULATION'!G59
A25: ='CALCULATION'!A60 | B25: ='CALCULATION'!B60 | C25: ='CALCULATION'!C60 | D25: ='CALCULATION'!D60 | E25: ='CALCULATION'!E60 | F25: ='CALCULATION'!F60 | G25: ='CALCULATION'!G60
A26: ='CALCULATION'!A61 | B26: ='CALCULATION'!B61 | C26: ='CALCULATION'!C61 | D26: ='CALCULATION'!D61 | E26: ='CALCULATION'!E61 | F26: ='CALCULATION'!F61 | G26: ='CALCULATION'!G61
A27: ='CALCULATION'!A62 | B27: ='CALCULATION'!B62 | C27: ='CALCULATION'!C62 | D27: ='CALCULATION'!D62 | E27: ='CALCULATION'!E62 | F27: ='CALCULATION'!F62 | G27: ='CALCULATION'!G62
A28: ='CALCULATION'!A63 | B28: ='CALCULATION'!B63 | C28: ='CALCULATION'!C63 | D28: ='CALCULATION'!D63 | E28: ='CALCULATION'!E63 | F28: ='CALCULATION'!F63 | G28: ='CALCULATION'!G63
A29: ='CALCULATION'!A64 | B29: ='CALCULATION'!B64 | C29: ='CALCULATION'!C64 | D29: ='CALCULATION'!D64 | E29: ='CALCULATION'!E64 | F29: ='CALCULATION'!F64 | G29: ='CALCULATION'!G64
... A42: ='CALCULATION'!A77 | B42: ='CALCULATION'!B77 | C42: ='CALCULATION'!C77 | D42: ='CALCULATION'!D77 | E42: ='CALCULATION'!E77 | F42: ='CALCULATION'!F77 | G42: ='CALCULATION'!G77
A45: 계산 결과: h3_evidence
A46: ='CALCULATION'!A39 | B46: ='CALCULATION'!B39 | C46: ='CALCULATION'!C39 | D46: ='CALCULATION'!D39 | E46: ='CALCULATION'!E39 | F46: ='CALCULATION'!F39 | G46: ='CALCULATION'!G39 | H46: ='CALCULATION'!H39
A47: ='CALCULATION'!A40 | B47: ='CALCULATION'!B40 | C47: ='CALCULATION'!C40 | D47: ='CALCULATION'!D40 | E47: ='CALCULATION'!E40 | F47: ='CALCULATION'!F40 | G47: ='CALCULATION'!G40 | H47: ='CALCULATION'!H40
A48: ='CALCULATION'!A41 | B48: ='CALCULATION'!B41 | C48: ='CALCULATION'!C41 | D48: ='CALCULATION'!D41 | E48: ='CALCULATION'!E41 | F48: ='CALCULATION'!F41 | G48: ='CALCULATION'!G41 | H48: ='CALCULATION'!H41
A49: ='CALCULATION'!A42 | B49: ='CALCULATION'!B42 | C49: ='CALCULATION'!C42 | D49: ='CALCULATION'!D42 | E49: ='CALCULATION'!E42 | F49: ='CALCULATION'!F42 | G49: ='CALCULATION'!G42 | H49: ='CALCULATION'!H42
A50: ='CALCULATION'!A43 | B50: ='CALCULATION'!B43 | C50: ='CALCULATION'!C43 | D50: ='CALCULATION'!D43 | E50: ='CALCULATION'!E43 | F50: ='CALCULATION'!F43 | G50: ='CALCULATION'!G43 | H50: ='CALCULATION'!H43
A51: ='CALCULATION'!A44 | B51: ='CALCULATION'!B44 | C51: ='CALCULATION'!C44 | D51: ='CALCULATION'!D44 | E51: ='CALCULATION'!E44 | F51: ='CALCULATION'!F44 | G51: ='CALCULATION'!G44 | H51: ='CALCULATION'!H44
A52: ='CALCULATION'!A45 | B52: ='CALCULATION'!B45 | C52: ='CALCULATION'!C45 | D52: ='CALCULATION'!D45 | E52: ='CALCULATION'!E45 | F52: ='CALCULATION'!F45 | G52: ='CALCULATION'!G45 | H52: ='CALCULATION'!H45
