Workbook

Sheet README
A1: TF-2 · 표 F-2. E1 상한 근접률과 단위효율
A2: 논문 인쇄값을 계산 입력으로 쓰지 않고, 선택 실행의 실제 산출물에서 값을 계산한 Excel입니다.
A4: 항목 | B4: 내용
A5: 선택 실행 | B5: V11_FINAL_FROZEN_REPLAY_RESUME
A6: 실행 방식 | B6: FrozenReplay
A7: 논문 항목 읽기 | B7: 논문 DOCX에서 번호·제목·위치만 동적으로 읽음
A8: 논문 위치 | B8: F E1 최초 동일 행동크기 상한 관측 · 인쇄면 126
A9: 관측·집계 단위 | B9: budget_label
A10: 선택 조건 | B10: [[{"column": "policy", "op": "equals", "value": "C4"}]]
A11: 계산 방법 | B11: 선택 실행 산출물에 명시된 조건을 적용하고 논문 분석단위로 행·열을 정리
A12: 생산 코드 | B12: src/credit_recourse/analysis/n5m_posthoc.py
A13: 실제 입력 산출물 | B13: frozen_outputs/analysis/paper_repro/03_output_contract_diagnostics/n5m_posthoc/n5m_score_budget_auditability_operating_points.csv

Sheet SOURCE
A1: TF-2 · 실제 입력 산출물
A2: 선택 실행에서 읽은 실제 중간·최종 산출물입니다. 아래 ANALYSIS가 이 셀들을 직접 참조합니다.
A4: 입력 1: frozen_outputs/analysis/paper_repro/03_output_contract_diagnostics/n5m_posthoc/n5m_score_budget_auditability_operating_points.csv
A5: 파일 크기(bytes) | B5: 2361 | C5: 생산 코드 | D5: src/credit_recourse/analysis/n5m_posthoc.py | E5: SHA256 | F5: FBF98AB7FDAD2E7A97283C40406A1DAB3BB8B169A262E6379EF8519C7EFEC5CB | G5: 읽기 상태 | H5: OK
A6: budget_label | B6: l1_budget | C6: policy | D6: n_firms | E6: mean_final_l1 | F6: mean_projection_distance | G6: budget_violation_rate | H6: mean_delta_R_score_alpha | I6: mean_delta_R_score_beta | J6: mean_delta_R_score_gamma | K6: sustainability_critical_rate | L6: point_estimate_nondominated_within_policy_alpha | M6: interpretation_boundary
A7: 0p75 | B7: 0.75 | C7: C4 | D7: 575 | E7: 0.42346772 | F7: 0.097963029 | G7: 0 | H7: 0.94031609 | I7: 0.23213613 | J7: 0.73595413 | K7: 0.0086956522 | L7: True | M7: Point-estimate screen only; not a statistical Pareto dominance claim and not an optimal-budget declaration.
A8: 0p75 | B8: 0.75 | C8: C6 | D8: 575 | E8: 0.38992678 | F8: 0.093467155 | G8: 0 | H8: 0.8406205 | I8: 0.20975655 | J8: 0.67456634 | K8: 0.012173913 | L8: True | M8: Point-estimate screen only; not a statistical Pareto dominance claim and not an optimal-budget declaration.
A9: 1p27 | B9: 1.27 | C9: C4 | D9: 575 | E9: 0.60189198 | F9: 0.10015763 | G9: 0.0069565217 | H9: 0.86625888 | I9: 0.1990904 | J9: 0.70978468 | K9: 0.013913043 | L9: False | M9: Point-estimate screen only; not a statistical Pareto dominance claim and not an optimal-budget declaration.
A10: 1p27 | B10: 1.27 | C10: C6 | D10: 575 | E10: 0.63037089 | F10: 0.10884114 | G10: 0.0034782609 | H10: 0.91520756 | I10: 0.20713418 | J10: 0.74728047 | K10: 0.012173913 | L10: True | M10: Point-estimate screen only; not a statistical Pareto dominance claim and not an optimal-budget declaration.
A11: 2p00 | B11: 2 | C11: C4 | D11: 575 | E11: 1.0578901 | F11: 0.14130801 | G11: 0.017391304 | H11: 1.1088714 | I11: 0.24906626 | J11: 0.91259224 | K11: 0.012173913 | L11: True | M11: Point-estimate screen only; not a statistical Pareto dominance claim and not an optimal-budget declaration.
A12: 2p00 | B12: 2 | C12: C6 | D12: 575 | E12: 1.0082284 | F12: 0.13881034 | G12: 0.0069565217 | H12: 1.1480051 | I12: 0.24211182 | J12: 0.94212693 | K12: 0.012173913 | L12: True | M12: Point-estimate screen only; not a statistical Pareto dominance claim and not an optimal-budget declaration.
A13: unbounded | C13: C4 | D13: 575 | E13: 2.3121752 | F13: 0.13120152 | G13: 0 | H13: 0.88731892 | I13: 0.15151608 | J13: 0.79966125 | K13: 0.010434783 | L13: False | M13: Point-estimate screen only; not a statistical Pareto dominance claim and not an optimal-budget declaration.
A14: unbounded | C14: C6 | D14: 575 | E14: 2.4429038 | F14: 0.16605898 | G14: 0 | H14: 1.0962301 | I14: 0.18674903 | J14: 0.95455202 | K14: 0.013913043 | L14: True | M14: Point-estimate screen only; not a statistical Pareto dominance claim and not an optimal-budget declaration.

Sheet CALCULATION
A1: TF-2 · 분석 과정
A2: 필터·분석단위와 실제 계산 결과입니다. 수치 셀은 SOURCE를 직접 참조합니다.
A4: 항목 | B4: 내용
A5: 계산 방법 | B5: 선택 실행 산출물에 명시된 조건을 적용하고 논문 분석단위로 행·열을 정리
A6: 생산 코드 | B6: src/credit_recourse/analysis/n5m_posthoc.py
A7: 선택 실행 | B7: V11_FINAL_FROZEN_REPLAY_RESUME
A11: 계산 데이터: c4_budget_operating_points
A12: 입력 파일 | B12: data/analysis/paper_repro/03_output_contract_diagnostics/n5m_posthoc/n5m_score_budget_auditability_operating_points.csv
A13: 선택 조건 | B13: [{"column": "policy", "op": "equals", "value": "C4"}]
A14: 분석 단위 | B14: budget_label
A15: 집계 | B15: PRODUCER_AGGREGATE_NO_REAGGREGATION
A16: budget_label | B16: l1_budget | C16: n_firms | D16: mean_final_l1 | E16: mean_projection_distance | F16: budget_violation_rate | G16: mean_delta_R_score_alpha
A17: ='SOURCE'!A7 | B17: ='SOURCE'!B7 | C17: ='SOURCE'!D7 | D17: ='SOURCE'!E7 | E17: ='SOURCE'!F7 | F17: ='SOURCE'!G7 | G17: ='SOURCE'!H7
A18: ='SOURCE'!A9 | B18: ='SOURCE'!B9 | C18: ='SOURCE'!D9 | D18: ='SOURCE'!E9 | E18: ='SOURCE'!F9 | F18: ='SOURCE'!G9 | G18: ='SOURCE'!H9
A19: ='SOURCE'!A11 | B19: ='SOURCE'!B11 | C19: ='SOURCE'!D11 | D19: ='SOURCE'!E11 | E19: ='SOURCE'!F11 | F19: ='SOURCE'!G11 | G19: ='SOURCE'!H11
A20: ='SOURCE'!A13 | B20: ='SOURCE'!B13 | C20: ='SOURCE'!D13 | D20: ='SOURCE'!E13 | E20: ='SOURCE'!F13 | F20: ='SOURCE'!G13 | G20: ='SOURCE'!H13

Sheet PAPER_TABLE
A1: TF-2 · 논문 표 작업용 결과
A2: ANALYSIS에서 계산된 값만 연결한 최종 작업표입니다. Excel에서 정렬·피벗·표시형식만 조정하면 됩니다.
A4: 계산 결과: c4_budget_operating_points
A5: ='CALCULATION'!A16 | B5: ='CALCULATION'!B16 | C5: ='CALCULATION'!C16 | D5: ='CALCULATION'!D16 | E5: ='CALCULATION'!E16 | F5: ='CALCULATION'!F16 | G5: ='CALCULATION'!G16
A6: ='CALCULATION'!A17 | B6: ='CALCULATION'!B17 | C6: ='CALCULATION'!C17 | D6: ='CALCULATION'!D17 | E6: ='CALCULATION'!E17 | F6: ='CALCULATION'!F17 | G6: ='CALCULATION'!G17
A7: ='CALCULATION'!A18 | B7: ='CALCULATION'!B18 | C7: ='CALCULATION'!C18 | D7: ='CALCULATION'!D18 | E7: ='CALCULATION'!E18 | F7: ='CALCULATION'!F18 | G7: ='CALCULATION'!G18
A8: ='CALCULATION'!A19 | B8: ='CALCULATION'!B19 | C8: ='CALCULATION'!C19 | D8: ='CALCULATION'!D19 | E8: ='CALCULATION'!E19 | F8: ='CALCULATION'!F19 | G8: ='CALCULATION'!G19
A9: ='CALCULATION'!A20 | B9: ='CALCULATION'!B20 | C9: ='CALCULATION'!C20 | D9: ='CALCULATION'!D20 | E9: ='CALCULATION'!E20 | F9: ='CALCULATION'!F20 | G9: ='CALCULATION'!G20
