Workbook

Sheet README
A1: T5-2 · 표 5-2. 추론 유도 전후의 Oracle-α 정책가치 차이(H1)
A2: 논문 인쇄값을 계산 입력으로 쓰지 않고, 선택 실행의 실제 산출물에서 값을 계산한 Excel입니다.
A4: 항목 | B4: 내용
A5: 선택 실행 | B5: V11_FINAL_FROZEN_REPLAY_RESUME
A6: 실행 방식 | B6: FrozenReplay
A7: 논문 항목 읽기 | B7: 논문 DOCX에서 번호·제목·위치만 동적으로 읽음
A8: 논문 위치 | B8: 5.2 추론 유도의 효과 · 인쇄면 56
A9: 관측·집계 단위 | B9: contrast + mode + backend_label
A10: 선택 조건 | B10: [[{"column": "hypothesis", "op": "equals", "value": "H1_score"}]]
A11: 계산 방법 | B11: 선택 실행 산출물에 명시된 조건을 적용하고 논문 분석단위로 행·열을 정리
A12: 생산 코드 | B12: src/credit_recourse/analysis/llm_holm_inference.py
A13: 실제 입력 산출물 | B13: frozen_outputs/analysis/paper_repro/02_llm_hypothesis_tests/holm_h1_h3/holm_H1_score.csv

Sheet SOURCE
A1: T5-2 · 실제 입력 산출물
A2: 선택 실행에서 읽은 실제 중간·최종 산출물입니다. 아래 ANALYSIS가 이 셀들을 직접 참조합니다.
A4: 입력 1: frozen_outputs/analysis/paper_repro/02_llm_hypothesis_tests/holm_h1_h3/holm_H1_score.csv
A5: 파일 크기(bytes) | B5: 3433 | C5: 생산 코드 | D5: src/credit_recourse/analysis/llm_holm_inference.py | E5: SHA256 | F5: 8556C662B821B4ACDB6EE66BB02CC093C7C8E86C5B6347D8552F19266C0CB2F3 | G5: 읽기 상태 | H5: OK
A6: hypothesis | B6: contrast | C6: policy_a | D6: policy_b | E6: mode | F6: backend_label | G6: run_dir | H6: n_pairs | I6: n_nonzero_pairs | J6: mean_gap | K6: median_gap | L6: wilcoxon_p_raw | M6: holm_family | N6: wilcoxon_p_holm | O6: sig_holm
A7: H1_score | B7: C5-C4 | C7: C4 | D7: C5 | E7: candidate_selection | F7: ICb_gpt54mini_p50_live_seed1 | G7: embedded://historical-source/data/final_freeze/llm_runs/ICb_gpt54mini_p50_live_seed1/stage9_llm_rl_comparison | H7: 575 | I7: 79 | J7: 0.023674402 | K7: 0 | L7: 0.057257904 | M7: H1_score:candidate_selection | N7: 0.11451581 | O7: n.s.
A8: H1_score | B8: C5-C4 | C8: C4 | D8: C5 | E8: free_form_10d | F8: ICb_gpt54mini_p50_live_seed1 | G8: embedded://historical-source/data/final_freeze/llm_runs/ICb_gpt54mini_p50_live_seed1/stage9_llm_rl_comparison | H8: 575 | I8: 245 | J8: -0.24458485 | K8: 0 | L8: 2.4220305e-17 | M8: H1_score:free_form_10d | N8: 7.2660916e-17 | O8: ***
A9: H1_score | B9: C7-C6 | C9: C6 | D9: C7 | E9: free_form_10d | F9: ICb_gpt54mini_p50_live_seed1 | G9: embedded://historical-source/data/final_freeze/llm_runs/ICb_gpt54mini_p50_live_seed1/stage9_llm_rl_comparison | H9: 575 | I9: 251 | J9: -0.36563269 | K9: 0 | L9: 1.7511543e-26 | M9: H1_score:free_form_10d | N9: 8.7557714e-26 | O9: ***
A10: H1_score | B10: C5-C4 | C10: C4 | D10: C5 | E10: candidate_selection | F10: ICb_gpt41mini_p50_live_seed1_postpatch_20260705_153820 | G10: embedded://historical-source/data/final_freeze/llm_runs/ICb_gpt41mini_p50_live_seed1_postpatch_20260705_153820/stage9_llm_rl_comparison | H10: 575 | I10: 158 | J10: 0.0081689981 | K10: 0 | L10: 0.20812466 | M10: H1_score:candidate_selection | N10: 0.20812466 | O10: n.s.
A11: H1_score | B11: C5-C4 | C11: C4 | D11: C5 | E11: free_form_10d | F11: ICb_gpt41mini_p50_live_seed1_postpatch_20260705_153820 | G11: embedded://historical-source/data/final_freeze/llm_runs/ICb_gpt41mini_p50_live_seed1_postpatch_20260705_153820/stage9_llm_rl_comparison | H11: 575 | I11: 183 | J11: -0.19201133 | K11: 0 | L11: 5.873757e-17 | M11: H1_score:free_form_10d | N11: 1.1747514e-16 | O11: ***
A12: H1_score | B12: C7-C6 | C12: C6 | D12: C7 | E12: free_form_10d | F12: ICb_gpt41mini_p50_live_seed1_postpatch_20260705_153820 | G12: embedded://historical-source/data/final_freeze/llm_runs/ICb_gpt41mini_p50_live_seed1_postpatch_20260705_153820/stage9_llm_rl_comparison | H12: 575 | I12: 279 | J12: -0.48592464 | K12: 0 | L12: 1.258151e-35 | M12: H1_score:free_form_10d | N12: 7.5489063e-35 | O12: ***
A13: H1_score | B13: C5-C4 | C13: C4 | D13: C5 | E13: candidate_selection | F13: ICb_haiku45_p50_live_seed1_postpatch_20260705_190541 | G13: embedded://historical-source/data/final_freeze/llm_runs/ICb_haiku45_p50_live_seed1_postpatch_20260705_190541/stage9_llm_rl_comparison | H13: 575 | I13: 76 | J13: 0.086280353 | K13: 0 | L13: 4.042874e-08 | M13: H1_score:candidate_selection | N13: 1.2128622e-07 | O13: ***
A14: H1_score | B14: C5-C4 | C14: C4 | D14: C5 | E14: free_form_10d | F14: ICb_haiku45_p50_live_seed1_postpatch_20260705_190541 | G14: embedded://historical-source/data/final_freeze/llm_runs/ICb_haiku45_p50_live_seed1_postpatch_20260705_190541/stage9_llm_rl_comparison | H14: 569 | I14: 197 | J14: -0.23781162 | K14: 0 | L14: 8.6887126e-18 | M14: H1_score:free_form_10d | N14: 3.475485e-17 | O14: ***
A15: H1_score | B15: C7-C6 | C15: C6 | D15: C7 | E15: free_form_10d | F15: ICb_haiku45_p50_live_seed1_postpatch_20260705_190541 | G15: embedded://historical-source/data/final_freeze/llm_runs/ICb_haiku45_p50_live_seed1_postpatch_20260705_190541/stage9_llm_rl_comparison | H15: 563 | I15: 204 | J15: -0.2342626 | K15: 0 | L15: 2.3279436e-10 | M15: H1_score:free_form_10d | N15: 2.3279436e-10 | O15: ***

Sheet CALCULATION
A1: T5-2 · 분석 과정
A2: 필터·분석단위와 실제 계산 결과입니다. 수치 셀은 SOURCE를 직접 참조합니다.
A4: 항목 | B4: 내용
A5: 계산 방법 | B5: 선택 실행 산출물에 명시된 조건을 적용하고 논문 분석단위로 행·열을 정리
A6: 생산 코드 | B6: src/credit_recourse/analysis/llm_holm_inference.py
A7: 선택 실행 | B7: V11_FINAL_FROZEN_REPLAY_RESUME
A11: 이 표·그림과 연결된 본문 핵심 수치
A12: 수치 ID | B12: 본문 주장 | C12: 논문 표시값 | D12: 재계산값 | E12: 확인 결과 | F12: 계산식 | G12: 실제 입력 산출물
A13: NC0141-02 | B13: 같은 기업과 기업정보를 사용하고 추론 유도 지시만 추가했을 때 정책가치가 어떻게 달라지는지 비교하였다. C4는 LLM이 바로 행동을 작성한 조건이고, C5는 같은 조건에서 재무상태를 단계적으로 검토한 뒤 행동을 작성하도록 한 조건이다. 자유작성 조건에서 C5−C4는 GPT-4.1-mini −0.192, Claude Haiku 4.5 −0.238, GPT-5.4-mini −0.245로 나타났다. 세 파운데이션 모델 모두 추론을 유도했을 때 정책가치가 낮아졌다. | C13: −0.192 | D13: -0.192 | E13: 논문값과 일치 | F13: MEAN_i(delta_alpha(C5_i) - delta_alpha(C4_i)) | G13: frozen_outputs/analysis/paper_repro/02_llm_hypothesis_tests/holm_h1_h3/holm_H1_score.csv
A14: NC0141-04 | B14: 같은 기업과 기업정보를 사용하고 추론 유도 지시만 추가했을 때 정책가치가 어떻게 달라지는지 비교하였다. C4는 LLM이 바로 행동을 작성한 조건이고, C5는 같은 조건에서 재무상태를 단계적으로 검토한 뒤 행동을 작성하도록 한 조건이다. 자유작성 조건에서 C5−C4는 GPT-4.1-mini −0.192, Claude Haiku 4.5 −0.238, GPT-5.4-mini −0.245로 나타났다. 세 파운데이션 모델 모두 추론을 유도했을 때 정책가치가 낮아졌다. | C14: −0.238 | D14: -0.238 | E14: 논문값과 일치 | F14: MEAN_i(delta_alpha(C5_i) - delta_alpha(C4_i)) | G14: frozen_outputs/analysis/paper_repro/02_llm_hypothesis_tests/holm_h1_h3/holm_H1_score.csv
A15: NC0141-06 | B15: 같은 기업과 기업정보를 사용하고 추론 유도 지시만 추가했을 때 정책가치가 어떻게 달라지는지 비교하였다. C4는 LLM이 바로 행동을 작성한 조건이고, C5는 같은 조건에서 재무상태를 단계적으로 검토한 뒤 행동을 작성하도록 한 조건이다. 자유작성 조건에서 C5−C4는 GPT-4.1-mini −0.192, Claude Haiku 4.5 −0.238, GPT-5.4-mini −0.245로 나타났다. 세 파운데이션 모델 모두 추론을 유도했을 때 정책가치가 낮아졌다. | C15: −0.245 | D15: -0.245 | E15: 논문값과 일치 | F15: MEAN_i(delta_alpha(C5_i) - delta_alpha(C4_i)) | G15: frozen_outputs/analysis/paper_repro/02_llm_hypothesis_tests/holm_h1_h3/holm_H1_score.csv
A18: 계산 데이터: h1_exact_contrasts
A19: 입력 파일 | B19: data/analysis/paper_repro/02_llm_hypothesis_tests/holm_h1_h3/holm_H1_score.csv
A20: 선택 조건 | B20: [{"column": "hypothesis", "op": "equals", "value": "H1_score"}]
A21: 분석 단위 | B21: contrast; mode; backend_label
A22: 집계 | B22: PRODUCER_AGGREGATE_NO_REAGGREGATION
A23: contrast | B23: policy_a | C23: policy_b | D23: mode | E23: backend_label | F23: n_pairs | G23: mean_gap | H23: median_gap | I23: wilcoxon_p_raw | J23: wilcoxon_p_holm | K23: sig_holm
A24: ='SOURCE'!B7 | B24: ='SOURCE'!C7 | C24: ='SOURCE'!D7 | D24: ='SOURCE'!E7 | E24: ='SOURCE'!F7 | F24: ='SOURCE'!H7 | G24: ='SOURCE'!J7 | H24: ='SOURCE'!K7 | I24: ='SOURCE'!L7 | J24: ='SOURCE'!N7 | K24: ='SOURCE'!O7
A25: ='SOURCE'!B8 | B25: ='SOURCE'!C8 | C25: ='SOURCE'!D8 | D25: ='SOURCE'!E8 | E25: ='SOURCE'!F8 | F25: ='SOURCE'!H8 | G25: ='SOURCE'!J8 | H25: ='SOURCE'!K8 | I25: ='SOURCE'!L8 | J25: ='SOURCE'!N8 | K25: ='SOURCE'!O8
A26: ='SOURCE'!B9 | B26: ='SOURCE'!C9 | C26: ='SOURCE'!D9 | D26: ='SOURCE'!E9 | E26: ='SOURCE'!F9 | F26: ='SOURCE'!H9 | G26: ='SOURCE'!J9 | H26: ='SOURCE'!K9 | I26: ='SOURCE'!L9 | J26: ='SOURCE'!N9 | K26: ='SOURCE'!O9
A27: ='SOURCE'!B10 | B27: ='SOURCE'!C10 | C27: ='SOURCE'!D10 | D27: ='SOURCE'!E10 | E27: ='SOURCE'!F10 | F27: ='SOURCE'!H10 | G27: ='SOURCE'!J10 | H27: ='SOURCE'!K10 | I27: ='SOURCE'!L10 | J27: ='SOURCE'!N10 | K27: ='SOURCE'!O10
A28: ='SOURCE'!B11 | B28: ='SOURCE'!C11 | C28: ='SOURCE'!D11 | D28: ='SOURCE'!E11 | E28: ='SOURCE'!F11 | F28: ='SOURCE'!H11 | G28: ='SOURCE'!J11 | H28: ='SOURCE'!K11 | I28: ='SOURCE'!L11 | J28: ='SOURCE'!N11 | K28: ='SOURCE'!O11
A29: ='SOURCE'!B12 | B29: ='SOURCE'!C12 | C29: ='SOURCE'!D12 | D29: ='SOURCE'!E12 | E29: ='SOURCE'!F12 | F29: ='SOURCE'!H12 | G29: ='SOURCE'!J12 | H29: ='SOURCE'!K12 | I29: ='SOURCE'!L12 | J29: ='SOURCE'!N12 | K29: ='SOURCE'!O12
A30: ='SOURCE'!B13 | B30: ='SOURCE'!C13 | C30: ='SOURCE'!D13 | D30: ='SOURCE'!E13 | E30: ='SOURCE'!F13 | F30: ='SOURCE'!H13 | G30: ='SOURCE'!J13 | H30: ='SOURCE'!K13 | I30: ='SOURCE'!L13 | J30: ='SOURCE'!N13 | K30: ='SOURCE'!O13
A31: ='SOURCE'!B14 | B31: ='SOURCE'!C14 | C31: ='SOURCE'!D14 | D31: ='SOURCE'!E14 | E31: ='SOURCE'!F14 | F31: ='SOURCE'!H14 | G31: ='SOURCE'!J14 | H31: ='SOURCE'!K14 | I31: ='SOURCE'!L14 | J31: ='SOURCE'!N14 | K31: ='SOURCE'!O14
A32: ='SOURCE'!B15 | B32: ='SOURCE'!C15 | C32: ='SOURCE'!D15 | D32: ='SOURCE'!E15 | E32: ='SOURCE'!F15 | F32: ='SOURCE'!H15 | G32: ='SOURCE'!J15 | H32: ='SOURCE'!K15 | I32: ='SOURCE'!L15 | J32: ='SOURCE'!N15 | K32: ='SOURCE'!O15

Sheet PAPER_TABLE
A1: T5-2 · 논문 표 작업용 결과
A2: ANALYSIS에서 계산된 값만 연결한 최종 작업표입니다. Excel에서 정렬·피벗·표시형식만 조정하면 됩니다.
A4: 계산 결과: h1_exact_contrasts
A5: ='CALCULATION'!A23 | B5: ='CALCULATION'!B23 | C5: ='CALCULATION'!C23 | D5: ='CALCULATION'!D23 | E5: ='CALCULATION'!E23 | F5: ='CALCULATION'!F23 | G5: ='CALCULATION'!G23 | H5: ='CALCULATION'!H23 | ... K5: ='CALCULATION'!K23
A6: ='CALCULATION'!A24 | B6: ='CALCULATION'!B24 | C6: ='CALCULATION'!C24 | D6: ='CALCULATION'!D24 | E6: ='CALCULATION'!E24 | F6: ='CALCULATION'!F24 | G6: ='CALCULATION'!G24 | H6: ='CALCULATION'!H24 | ... K6: ='CALCULATION'!K24
A7: ='CALCULATION'!A25 | B7: ='CALCULATION'!B25 | C7: ='CALCULATION'!C25 | D7: ='CALCULATION'!D25 | E7: ='CALCULATION'!E25 | F7: ='CALCULATION'!F25 | G7: ='CALCULATION'!G25 | H7: ='CALCULATION'!H25 | ... K7: ='CALCULATION'!K25
A8: ='CALCULATION'!A26 | B8: ='CALCULATION'!B26 | C8: ='CALCULATION'!C26 | D8: ='CALCULATION'!D26 | E8: ='CALCULATION'!E26 | F8: ='CALCULATION'!F26 | G8: ='CALCULATION'!G26 | H8: ='CALCULATION'!H26 | ... K8: ='CALCULATION'!K26
A9: ='CALCULATION'!A27 | B9: ='CALCULATION'!B27 | C9: ='CALCULATION'!C27 | D9: ='CALCULATION'!D27 | E9: ='CALCULATION'!E27 | F9: ='CALCULATION'!F27 | G9: ='CALCULATION'!G27 | H9: ='CALCULATION'!H27 | ... K9: ='CALCULATION'!K27
A10: ='CALCULATION'!A28 | B10: ='CALCULATION'!B28 | C10: ='CALCULATION'!C28 | D10: ='CALCULATION'!D28 | E10: ='CALCULATION'!E28 | F10: ='CALCULATION'!F28 | G10: ='CALCULATION'!G28 | H10: ='CALCULATION'!H28 | ... K10: ='CALCULATION'!K28
A11: ='CALCULATION'!A29 | B11: ='CALCULATION'!B29 | C11: ='CALCULATION'!C29 | D11: ='CALCULATION'!D29 | E11: ='CALCULATION'!E29 | F11: ='CALCULATION'!F29 | G11: ='CALCULATION'!G29 | H11: ='CALCULATION'!H29 | ... K11: ='CALCULATION'!K29
A12: ='CALCULATION'!A30 | B12: ='CALCULATION'!B30 | C12: ='CALCULATION'!C30 | D12: ='CALCULATION'!D30 | E12: ='CALCULATION'!E30 | F12: ='CALCULATION'!F30 | G12: ='CALCULATION'!G30 | H12: ='CALCULATION'!H30 | ... K12: ='CALCULATION'!K30
A13: ='CALCULATION'!A31 | B13: ='CALCULATION'!B31 | C13: ='CALCULATION'!C31 | D13: ='CALCULATION'!D31 | E13: ='CALCULATION'!E31 | F13: ='CALCULATION'!F31 | G13: ='CALCULATION'!G31 | H13: ='CALCULATION'!H31 | ... K13: ='CALCULATION'!K31
A14: ='CALCULATION'!A32 | B14: ='CALCULATION'!B32 | C14: ='CALCULATION'!C32 | D14: ='CALCULATION'!D32 | E14: ='CALCULATION'!E32 | F14: ='CALCULATION'!F32 | G14: ='CALCULATION'!G32 | H14: ='CALCULATION'!H32 | ... K14: ='CALCULATION'!K32
