Workbook

Sheet README
A1: TF-1 · 표 F-1. E1 동일 행동크기 상한 C4/C6 결과
A2: 논문 인쇄값을 계산 입력으로 쓰지 않고, 선택 실행의 실제 산출물에서 값을 계산한 Excel입니다.
A4: 항목 | B4: 내용
A5: 선택 실행 | B5: V11_FINAL_FROZEN_REPLAY_RESUME
A6: 실행 방식 | B6: FrozenReplay
A7: 논문 항목 읽기 | B7: 논문 DOCX에서 번호·제목·위치만 동적으로 읽음
A8: 논문 위치 | B8: F E1 최초 동일 행동크기 상한 관측 · 인쇄면 126
A9: 관측·집계 단위 | B9: budget_label
A10: 선택 조건 | B10: [[{"column": "oracle_backend", "op": "equals", "value": "alpha"}, {"column": "design", "op": "equals", "value": "matched_c4_c6"}]]
A11: 계산 방법 | B11: 선택 실행 산출물에 명시된 조건을 적용하고 논문 분석단위로 행·열을 정리
A12: 생산 코드 | B12: src/credit_recourse/analysis/n5_budget_frontier_holm_inference.py
A13: 실제 입력 산출물 | B13: frozen_outputs/analysis/paper_repro/03_output_contract_diagnostics/n5_matched_budget_frontier_holm/n5_budget_frontier_table_patch.csv

Sheet SOURCE
A1: TF-1 · 실제 입력 산출물
A2: 선택 실행에서 읽은 실제 중간·최종 산출물입니다. 아래 ANALYSIS가 이 셀들을 직접 참조합니다.
A4: 입력 1: frozen_outputs/analysis/paper_repro/03_output_contract_diagnostics/n5_matched_budget_frontier_holm/n5_budget_frontier_table_patch.csv
A5: 파일 크기(bytes) | B5: 1528 | C5: 생산 코드 | D5: src/credit_recourse/analysis/n5_budget_frontier_holm_inference.py | E5: SHA256 | F5: EB8CBA3FE5FA06EDBC354385A06262549B5D9851B59A2A84081CFC12B5E44897 | G5: 읽기 상태 | H5: OK
A6: design | B6: oracle_backend | C6: budget_label | D6: l1_budget | E6: run_label | F6: n_pairs | G6: mean_C4 | H6: mean_C6 | I6: mean_C6_minus_C4 | J6: C6_minus_C4_p_holm | K6: C6_minus_C4_sig | L6: C6_minus_unbounded_gap | M6: C6_minus_unbounded_p_holm | N6: C6_minus_unbounded_sig | O6: C4_minus_unbounded_gap | P6: C4_minus_unbounded_p_holm | Q6: C4_minus_unbounded_sig | R6: interaction_or_package_DID_gap | S6: interaction_or_package_DID_p_holm | T6: interaction_or_package_DID_sig
A7: matched_c4_c6 | B7: alpha | C7: 0p75 | D7: 0.75 | E7: N5M_C4C6_L1_0p75_ICb_gpt54mini_p50_main_seed1_20260712_161725 | F7: 575 | G7: 0.94031609 | H7: 0.8406205 | I7: -0.099695591 | J7: 1.5703695e-05 | K7: *** | L7: -0.25560957 | M7: 3.4208079e-16 | N7: *** | O7: 0.052997177 | P7: 0.29577647 | Q7: n.s. | R7: -0.30860675 | S7: 1.6274235e-17 | T7: ***
A8: matched_c4_c6 | B8: alpha | C8: 1p27 | D8: 1.27 | E8: N5M_C4C6_L1_1p27_ICb_gpt54mini_p50_main_seed1_20260712_161725 | F8: 575 | G8: 0.86625888 | H8: 0.91520756 | I8: 0.048948682 | J8: 0.20114377 | K8: n.s. | L8: -0.18102252 | M8: 1.1380773e-10 | N8: *** | O8: -0.021060041 | P8: 0.29577647 | Q8: n.s. | R8: -0.15996247 | S8: 8.1490237e-07 | T8: ***
A9: matched_c4_c6 | B9: alpha | C9: 2p00 | D9: 2 | E9: N5M_C4C6_L1_2p00_ICb_gpt54mini_p50_main_seed1_20260712_161725 | F9: 575 | G9: 1.1088714 | H9: 1.1480051 | I9: 0.039133624 | J9: 0.20114377 | K9: n.s. | L9: 0.051774987 | M9: 0.17139776 | N9: n.s. | O9: 0.22155252 | P9: 9.5892762e-09 | Q9: *** | R9: -0.16977753 | S9: 4.2764348e-05 | T9: ***
A10: matched_c4_c6 | B10: alpha | C10: unbounded | E10: N5M_C4C6_L1_unbounded_ICb_gpt54mini_p50_main_seed1_20260712_161725 | F10: 575 | G10: 0.88731892 | H10: 1.0962301 | I10: 0.20891116 | J10: 5.1779408e-14 | K10: ***

Sheet CALCULATION
A1: TF-1 · 분석 과정
A2: 필터·분석단위와 실제 계산 결과입니다. 수치 셀은 SOURCE를 직접 참조합니다.
A4: 항목 | B4: 내용
A5: 계산 방법 | B5: 선택 실행 산출물에 명시된 조건을 적용하고 논문 분석단위로 행·열을 정리
A6: 생산 코드 | B6: src/credit_recourse/analysis/n5_budget_frontier_holm_inference.py
A7: 선택 실행 | B7: V11_FINAL_FROZEN_REPLAY_RESUME
A11: 계산 데이터: matched_budget_frontier
A12: 입력 파일 | B12: data/analysis/paper_repro/03_output_contract_diagnostics/n5_matched_budget_frontier_holm/n5_budget_frontier_table_patch.csv
A13: 선택 조건 | B13: [{"column": "oracle_backend", "op": "equals", "value": "alpha"}, {"column": "design", "op": "equals", "value": "matched_c4_c6"}]
A14: 분석 단위 | B14: budget_label
A15: 집계 | B15: PRODUCER_AGGREGATE_NO_REAGGREGATION
A16: budget_label | B16: l1_budget | C16: n_pairs | D16: mean_C4 | E16: mean_C6 | F16: mean_C6_minus_C4 | G16: C6_minus_C4_p_holm | H16: C6_minus_C4_sig | I16: interaction_or_package_DID_gap | J16: interaction_or_package_DID_p_holm | K16: interaction_or_package_DID_sig
A17: ='SOURCE'!C7 | B17: ='SOURCE'!D7 | C17: ='SOURCE'!F7 | D17: ='SOURCE'!G7 | E17: ='SOURCE'!H7 | F17: ='SOURCE'!I7 | G17: ='SOURCE'!J7 | H17: ='SOURCE'!K7 | I17: ='SOURCE'!R7 | J17: ='SOURCE'!S7 | K17: ='SOURCE'!T7
A18: ='SOURCE'!C8 | B18: ='SOURCE'!D8 | C18: ='SOURCE'!F8 | D18: ='SOURCE'!G8 | E18: ='SOURCE'!H8 | F18: ='SOURCE'!I8 | G18: ='SOURCE'!J8 | H18: ='SOURCE'!K8 | I18: ='SOURCE'!R8 | J18: ='SOURCE'!S8 | K18: ='SOURCE'!T8
A19: ='SOURCE'!C9 | B19: ='SOURCE'!D9 | C19: ='SOURCE'!F9 | D19: ='SOURCE'!G9 | E19: ='SOURCE'!H9 | F19: ='SOURCE'!I9 | G19: ='SOURCE'!J9 | H19: ='SOURCE'!K9 | I19: ='SOURCE'!R9 | J19: ='SOURCE'!S9 | K19: ='SOURCE'!T9
A20: ='SOURCE'!C10 | B20: ='SOURCE'!D10 | C20: ='SOURCE'!F10 | D20: ='SOURCE'!G10 | E20: ='SOURCE'!H10 | F20: ='SOURCE'!I10 | G20: ='SOURCE'!J10 | H20: ='SOURCE'!K10 | I20: ='SOURCE'!R10 | J20: ='SOURCE'!S10 | K20: ='SOURCE'!T10

Sheet PAPER_TABLE
A1: TF-1 · 논문 표 작업용 결과
A2: ANALYSIS에서 계산된 값만 연결한 최종 작업표입니다. Excel에서 정렬·피벗·표시형식만 조정하면 됩니다.
A4: 계산 결과: matched_budget_frontier
A5: ='CALCULATION'!A16 | B5: ='CALCULATION'!B16 | C5: ='CALCULATION'!C16 | D5: ='CALCULATION'!D16 | E5: ='CALCULATION'!E16 | F5: ='CALCULATION'!F16 | G5: ='CALCULATION'!G16 | H5: ='CALCULATION'!H16 | ... K5: ='CALCULATION'!K16
A6: ='CALCULATION'!A17 | B6: ='CALCULATION'!B17 | C6: ='CALCULATION'!C17 | D6: ='CALCULATION'!D17 | E6: ='CALCULATION'!E17 | F6: ='CALCULATION'!F17 | G6: ='CALCULATION'!G17 | H6: ='CALCULATION'!H17 | ... K6: ='CALCULATION'!K17
A7: ='CALCULATION'!A18 | B7: ='CALCULATION'!B18 | C7: ='CALCULATION'!C18 | D7: ='CALCULATION'!D18 | E7: ='CALCULATION'!E18 | F7: ='CALCULATION'!F18 | G7: ='CALCULATION'!G18 | H7: ='CALCULATION'!H18 | ... K7: ='CALCULATION'!K18
A8: ='CALCULATION'!A19 | B8: ='CALCULATION'!B19 | C8: ='CALCULATION'!C19 | D8: ='CALCULATION'!D19 | E8: ='CALCULATION'!E19 | F8: ='CALCULATION'!F19 | G8: ='CALCULATION'!G19 | H8: ='CALCULATION'!H19 | ... K8: ='CALCULATION'!K19
A9: ='CALCULATION'!A20 | B9: ='CALCULATION'!B20 | C9: ='CALCULATION'!C20 | D9: ='CALCULATION'!D20 | E9: ='CALCULATION'!E20 | F9: ='CALCULATION'!F20 | G9: ='CALCULATION'!G20 | H9: ='CALCULATION'!H20 | ... K9: ='CALCULATION'!K20
