Workbook

Sheet README
A1: TB-3 · 표 B-3. 실제 등급 대비 Oracle 예측성능
A2: 논문 인쇄값을 계산 입력으로 쓰지 않고, 선택 실행의 실제 산출물에서 값을 계산한 Excel입니다.
A4: 항목 | B4: 내용
A5: 선택 실행 | B5: V11_FINAL_FROZEN_REPLAY_RESUME
A6: 실행 방식 | B6: FrozenReplay
A7: 논문 항목 읽기 | B7: 논문 DOCX에서 번호·제목·위치만 동적으로 읽음
A8: 논문 위치 | B8: B Oracle 계수와 검증 상세 · 인쇄면 119
A9: 관측·집계 단위 | B9: split
A10: 선택 조건 | B10: 추가 필터 없음
A11: 계산 방법 | B11: 선택 실행 산출물에 명시된 조건을 적용하고 논문 분석단위로 행·열을 정리
A12: 생산 코드 | B12: Oracle backends and validation analysis
A13: 실제 입력 산출물 | B13: frozen_outputs/final_freeze/stage1_oracle_backends/alpha/preliminary_dev_oot_metrics_alpha.csv frozen_outputs/final_freeze/stage1_oracle_backends/beta/preliminary_dev_oot_metrics_beta.csv frozen_outputs/final_freeze/stage1_oracle_backends/gamma/preliminary_dev_oot_metrics_gamma.csv

Sheet SOURCE
A1: TB-3 · 실제 입력 산출물
A2: 선택 실행에서 읽은 실제 중간·최종 산출물입니다. 아래 ANALYSIS가 이 셀들을 직접 참조합니다.
A4: 입력 1: frozen_outputs/final_freeze/stage1_oracle_backends/alpha/preliminary_dev_oot_metrics_alpha.csv
A5: 파일 크기(bytes) | B5: 159 | C5: 생산 코드 | D5: Oracle backends and validation analysis | E5: SHA256 | F5: 3AAC0892BCA950841375C88136AF97438228CF72182EBCA224EBB85F91558552 | G5: 읽기 상태 | H5: OK
A6: n | B6: exact | C6: within1 | D6: mae | E6: rho | F6: AR | G6: QK | H6: specification | I6: split
A7: 2032 | B7: 0.4705 | C7: 0.9114 | D7: 0.656 | E7: -0.6616 | F7: 72.2 | G7: 0.576 | H7: alpha | I7: dev
A8: 1790 | B8: 0.4821 | C8: 0.9212 | D8: 0.634 | E8: -0.699 | F8: 76.9 | G8: 0.63 | H8: alpha | I8: oot
A11: 입력 2: frozen_outputs/final_freeze/stage1_oracle_backends/beta/preliminary_dev_oot_metrics_beta.csv
A12: 파일 크기(bytes) | B12: 224 | C12: 생산 코드 | D12: Oracle backends and validation analysis | E12: SHA256 | F12: B739EA1A91E27EA0D363B53A54F71E75783C3C8F95869ABD692967DF57AC13C1 | G12: 읽기 상태 | H12: OK
A13: n | B13: exact | C13: within1 | D13: mae | E13: rho | F13: rho_abs | G13: bias_pred_minus_actual_notch | H13: specification | I13: split
A14: 2032 | B14: 0.468 | C14: 0.9198 | D14: 0.65 | E14: -0.6756 | F14: 0.6756 | G14: -0.0669 | H14: beta_ordered_logit | I14: dev
A15: 1790 | B15: 0.5223 | C15: 0.9358 | D15: 0.579 | E15: -0.7288 | F15: 0.7288 | G15: -0.0056 | H15: beta_ordered_logit | I15: oot
A18: 입력 3: frozen_outputs/final_freeze/stage1_oracle_backends/gamma/preliminary_dev_oot_metrics_gamma.csv
A19: 파일 크기(bytes) | B19: 305 | C19: 생산 코드 | D19: Oracle backends and validation analysis | E19: SHA256 | F19: 85EBE084D7D4A8E778DD8487CA165815B77777CB184A59C6FA9AD65507F3F41E | G19: 읽기 상태 | H19: OK
A20: n | B20: exact | C20: within1 | D20: mae_continuous | E20: rmse_continuous | F20: rho | G20: rho_abs | H20: bias_pred_minus_actual_notch | I20: specification | J20: split
A21: 2032 | B21: 0.5861 | C21: 0.9606 | D21: 0.55 | E21: 0.797 | F21: -0.7993 | G21: 0.7993 | H21: -0.0273 | I21: gamma_ml_tree_boosting_regressor_to_notch | J21: dev
A22: 1790 | B22: 0.5464 | C22: 0.9615 | D22: 0.555 | E22: 0.723 | F22: -0.75 | G22: 0.75 | H22: 0.0112 | I22: gamma_ml_tree_boosting_regressor_to_notch | J22: oot

Sheet CALCULATION
A1: TB-3 · 분석 과정
A2: 필터·분석단위와 실제 계산 결과입니다. 수치 셀은 SOURCE를 직접 참조합니다.
A4: 항목 | B4: 내용
A5: 계산 방법 | B5: 선택 실행 산출물에 명시된 조건을 적용하고 논문 분석단위로 행·열을 정리
A6: 생산 코드 | B6: Oracle backends and validation analysis
A7: 선택 실행 | B7: V11_FINAL_FROZEN_REPLAY_RESUME
A11: 계산 데이터: oracle_alpha_dev_oot_metrics
A12: 입력 파일 | B12: data/final_freeze/stage1_oracle_backends/alpha/preliminary_dev_oot_metrics_alpha.csv
A13: 선택 조건 | B13: []
A14: 분석 단위 | B14: split
A15: 집계 | B15: PRODUCER_AGGREGATE_NO_REAGGREGATION
A16: specification | B16: split | C16: n | D16: exact | E16: within1 | F16: mae | G16: rho
A17: ='SOURCE'!H7 | B17: ='SOURCE'!I7 | C17: ='SOURCE'!A7 | D17: ='SOURCE'!B7 | E17: ='SOURCE'!C7 | F17: ='SOURCE'!D7 | G17: ='SOURCE'!E7
A18: ='SOURCE'!H8 | B18: ='SOURCE'!I8 | C18: ='SOURCE'!A8 | D18: ='SOURCE'!B8 | E18: ='SOURCE'!C8 | F18: ='SOURCE'!D8 | G18: ='SOURCE'!E8
A21: 계산 데이터: oracle_beta_dev_oot_metrics
A22: 입력 파일 | B22: data/final_freeze/stage1_oracle_backends/beta/preliminary_dev_oot_metrics_beta.csv
A23: 선택 조건 | B23: []
A24: 분석 단위 | B24: split
A25: 집계 | B25: PRODUCER_AGGREGATE_NO_REAGGREGATION
A26: specification | B26: split | C26: n | D26: exact | E26: within1 | F26: mae | G26: rho
A27: ='SOURCE'!H14 | B27: ='SOURCE'!I14 | C27: ='SOURCE'!A14 | D27: ='SOURCE'!B14 | E27: ='SOURCE'!C14 | F27: ='SOURCE'!D14 | G27: ='SOURCE'!E14
A28: ='SOURCE'!H15 | B28: ='SOURCE'!I15 | C28: ='SOURCE'!A15 | D28: ='SOURCE'!B15 | E28: ='SOURCE'!C15 | F28: ='SOURCE'!D15 | G28: ='SOURCE'!E15
A31: 계산 데이터: oracle_gamma_dev_oot_metrics
A32: 입력 파일 | B32: data/final_freeze/stage1_oracle_backends/gamma/preliminary_dev_oot_metrics_gamma.csv
A33: 선택 조건 | B33: []
A34: 분석 단위 | B34: split
A35: 집계 | B35: PRODUCER_AGGREGATE_NO_REAGGREGATION
A36: specification | B36: split | C36: n | D36: exact | E36: within1 | F36: mae_continuous | G36: rho
A37: ='SOURCE'!I21 | B37: ='SOURCE'!J21 | C37: ='SOURCE'!A21 | D37: ='SOURCE'!B21 | E37: ='SOURCE'!C21 | F37: ='SOURCE'!D21 | G37: ='SOURCE'!F21
A38: ='SOURCE'!I22 | B38: ='SOURCE'!J22 | C38: ='SOURCE'!A22 | D38: ='SOURCE'!B22 | E38: ='SOURCE'!C22 | F38: ='SOURCE'!D22 | G38: ='SOURCE'!F22

Sheet PAPER_TABLE
A1: TB-3 · 논문 표 작업용 결과
A2: ANALYSIS에서 계산된 값만 연결한 최종 작업표입니다. Excel에서 정렬·피벗·표시형식만 조정하면 됩니다.
A4: 계산 결과: oracle_alpha_dev_oot_metrics
A5: ='CALCULATION'!A16 | B5: ='CALCULATION'!B16 | C5: ='CALCULATION'!C16 | D5: ='CALCULATION'!D16 | E5: ='CALCULATION'!E16 | F5: ='CALCULATION'!F16 | G5: ='CALCULATION'!G16
A6: ='CALCULATION'!A17 | B6: ='CALCULATION'!B17 | C6: ='CALCULATION'!C17 | D6: ='CALCULATION'!D17 | E6: ='CALCULATION'!E17 | F6: ='CALCULATION'!F17 | G6: ='CALCULATION'!G17
A7: ='CALCULATION'!A18 | B7: ='CALCULATION'!B18 | C7: ='CALCULATION'!C18 | D7: ='CALCULATION'!D18 | E7: ='CALCULATION'!E18 | F7: ='CALCULATION'!F18 | G7: ='CALCULATION'!G18
A10: 계산 결과: oracle_beta_dev_oot_metrics
A11: ='CALCULATION'!A26 | B11: ='CALCULATION'!B26 | C11: ='CALCULATION'!C26 | D11: ='CALCULATION'!D26 | E11: ='CALCULATION'!E26 | F11: ='CALCULATION'!F26 | G11: ='CALCULATION'!G26
A12: ='CALCULATION'!A27 | B12: ='CALCULATION'!B27 | C12: ='CALCULATION'!C27 | D12: ='CALCULATION'!D27 | E12: ='CALCULATION'!E27 | F12: ='CALCULATION'!F27 | G12: ='CALCULATION'!G27
A13: ='CALCULATION'!A28 | B13: ='CALCULATION'!B28 | C13: ='CALCULATION'!C28 | D13: ='CALCULATION'!D28 | E13: ='CALCULATION'!E28 | F13: ='CALCULATION'!F28 | G13: ='CALCULATION'!G28
A16: 계산 결과: oracle_gamma_dev_oot_metrics
A17: ='CALCULATION'!A36 | B17: ='CALCULATION'!B36 | C17: ='CALCULATION'!C36 | D17: ='CALCULATION'!D36 | E17: ='CALCULATION'!E36 | F17: ='CALCULATION'!F36 | G17: ='CALCULATION'!G36
A18: ='CALCULATION'!A37 | B18: ='CALCULATION'!B37 | C18: ='CALCULATION'!C37 | D18: ='CALCULATION'!D37 | E18: ='CALCULATION'!E37 | F18: ='CALCULATION'!F37 | G18: ='CALCULATION'!G37
A19: ='CALCULATION'!A38 | B19: ='CALCULATION'!B38 | C19: ='CALCULATION'!C38 | D19: ='CALCULATION'!D38 | E19: ='CALCULATION'!E38 | F19: ='CALCULATION'!F38 | G19: ='CALCULATION'!G38
