Workbook

Sheet README
A1: TF-3 · 표 F-3. E1 관계적 참조가치 탐색
A2: 논문 인쇄값을 계산 입력으로 쓰지 않고, 선택 실행의 실제 산출물에서 값을 계산한 Excel입니다.
A4: 항목 | B4: 내용
A5: 선택 실행 | B5: V11_FINAL_FROZEN_REPLAY_RESUME
A6: 실행 방식 | B6: FrozenReplay
A7: 논문 항목 읽기 | B7: 논문 DOCX에서 번호·제목·위치만 동적으로 읽음
A8: 논문 위치 | B8: F E1 최초 동일 행동크기 상한 관측 · 인쇄면 126
A9: 관측·집계 단위 | B9: information_condition + revision_condition + mode
A10: 선택 조건 | B10: [[{"column": "oracle_backend", "op": "equals", "value": "alpha"}]]
A11: 계산 방법 | B11: 선택 실행 산출물에 명시된 조건을 적용하고 논문 분석단위로 행·열을 정리
A12: 생산 코드 | B12: src/credit_recourse/analysis/reference_quality_acceptance.py
A13: 실제 입력 산출물 | B13: frozen_outputs/analysis/paper_repro/02_llm_hypothesis_tests/reference_quality_acceptance/reference_quality_acceptance_summary.csv

Sheet SOURCE
A1: TF-3 · 실제 입력 산출물
A2: 선택 실행에서 읽은 실제 중간·최종 산출물입니다. 아래 ANALYSIS가 이 셀들을 직접 참조합니다.
A4: 입력 1: frozen_outputs/analysis/paper_repro/02_llm_hypothesis_tests/reference_quality_acceptance/reference_quality_acceptance_summary.csv
A5: 파일 크기(bytes) | B5: 28235 | C5: 생산 코드 | D5: src/credit_recourse/analysis/reference_quality_acceptance.py | E5: SHA256 | F5: 3863A0B6E148031020CB79BC5ED72EA754C538CE6DDE36E0AA234CBDFEBB91C6 | G5: 읽기 상태 | H5: OK
A6: run_label | B6: information_condition | C6: revision_condition | D6: mode | E6: oracle_backend | F6: n_rows | G6: n_metrics_defined | H6: n_metrics_undefined | I6: metrics_defined_fraction | J6: n_reference_advantage_defined | K6: n_reference_better | L6: reference_better_fraction | M6: mean_reference_advantage | N6: median_reference_advantage | O6: mean_reference_distance | P6: mean_adoption_reference_better | Q6: mean_adoption_reference_not_better | R6: adoption_group_gap | S6: mean_revision_gain_reference_better | T6: mean_revision_gain_reference_not_better | U6: revision_gain_group_gap | V6: n_spearman_adoption | W6: rho_reference_advantage_vs_adoption | X6: rho_adoption_ci_lo | Y6: rho_adoption_ci_hi | Z6: p_reference_advantage_vs_adoption_raw | AA6: n_spearman_revision_gain | AB6: rho_reference_advantage_vs_revision_gain | AC6: rho_revision_gain_ci_lo | AD6: rho_revision_gain_ci_hi | AE6: p_reference_advantage_vs_revision_gain_raw | AF6: p_reference_advantage_vs_adoption_holm | AG6: sig_reference_advantage_vs_adoption_holm | AH6: p_reference_advantage_vs_revision_gain_holm | AI6: sig_reference_advantage_vs_revision_gain_holm
A7: ICa_gpt54mini_p50_live_seed1 | B7: IC-a | C7: C6 | D7: candidate_selection | E7: alpha | F7: 575 | G7: 526 | H7: 49 | I7: 0.91478261 | J7: 575 | K7: 159 | L7: 0.27652174 | M7: 0.10994775 | N7: 0 | O7: 1.2844502 | P7: 0.2686068 | Q7: 0.10138097 | R7: 0.16722583 | S7: 0.21827149 | T7: -0.025813149 | U7: 0.24408464 | V7: 526 | W7: 0.20895506 | X7: 0.12967489 | Y7: 0.28991528 | Z7: 1.3355785e-06 | AA7: 575 | AB7: 0.37034176 | AC7: 0.30151768 | AD7: 0.43500295 | AE7: 3.9307111e-20 | AF7: 8.013471e-06 | AG7: *** | AH7: 3.1445689e-19 | AI7: ***
A8: ICa_gpt54mini_p50_live_seed1 | B8: IC-a | C8: C6 | D8: candidate_selection | E8: beta | F8: 575 | G8: 526 | H8: 49 | I8: 0.91478261 | J8: 575 | K8: 261 | L8: 0.45391304 | M8: -0.02924509 | N8: -0.013464251 | O8: 1.2844502 | P8: 0.24486978 | Q8: 0.083377769 | R8: 0.16149201 | S8: 0.024111667 | T8: -0.0098349927 | U8: 0.033946659 | V8: 526 | W8: 0.2470987 | X8: 0.15697551 | Y8: 0.33834604 | Z8: 9.3046108e-09 | AA8: 575 | AB8: 0.42277646 | AC8: 0.35523261 | AD8: 0.48221807 | AE8: 2.4653632e-26 | AF8: 8.3741497e-08 | AG8: *** | AH8: 2.2188269e-25 | AI8: ***
A9: ICa_gpt54mini_p50_live_seed1 | B9: IC-a | C9: C6 | D9: candidate_selection | E9: gamma | F9: 575 | G9: 526 | H9: 49 | I9: 0.91478261 | J9: 575 | K9: 263 | L9: 0.4573913 | M9: 0.21044788 | N9: 0 | O9: 1.2844502 | P9: 0.14018209 | Q9: 0.15798249 | R9: -0.017800395 | S9: 0.10356416 | T9: -0.018296225 | U9: 0.12186039 | V9: 526 | W9: 0.012838161 | X9: -0.072518691 | Y9: 0.091273211 | Z9: 0.76894828 | AA9: 575 | AB9: 0.34055079 | AC9: 0.27157096 | AD9: 0.39718322 | AE9: 4.4363719e-17 | AF9: 1 | AG9: n.s. | AH9: 3.1054603e-16 | AI9: ***
A10: ICa_gpt54mini_p50_live_seed1 | B10: IC-a | C10: C6 | D10: free_form_10d | E10: alpha | F10: 575 | G10: 575 | H10: 0 | I10: 1 | J10: 575 | K10: 56 | L10: 0.097391304 | M10: -0.5005402 | N10: -0.52620402 | O10: 1.2964455 | P10: 0.18394978 | Q10: 0.12601541 | R10: 0.057934367 | S10: 0.76682355 | T10: 0.019700045 | U10: 0.7471235 | V10: 575 | W10: -0.038966833 | X10: -0.11682015 | Y10: 0.036905134 | Z10: 0.35096828 | AA10: 575 | AB10: 0.34177444 | AC10: 0.26516388 | AD10: 0.40741286 | AE10: 3.3724378e-17 | AF10: 1 | AG10: n.s. | AH10: 1.0117313e-16 | AI10: ***
A11: ICa_gpt54mini_p50_live_seed1 | B11: IC-a | C11: C6 | D11: free_form_10d | E11: beta | F11: 575 | G11: 575 | H11: 0 | I11: 1 | J11: 575 | K11: 103 | L11: 0.17913043 | M11: -0.056841663 | N11: -0.064585551 | O11: 1.2964455 | P11: 0.39279584 | Q11: 0.074672062 | R11: 0.31812377 | S11: 0.064734653 | T11: 0.033254798 | U11: 0.031479855 | V11: 575 | W11: 0.37882842 | X11: 0.29356743 | Y11: 0.44716008 | Z11: 4.6198823e-21 | AA11: 575 | AB11: 0.34913271 | AC11: 0.27541924 | AD11: 0.42666045 | AE11: 6.3190417e-18 | AF11: 4.157894e-20 | AG11: *** | AH11: 2.5276167e-17 | AI11: ***
A12: ICa_gpt54mini_p50_live_seed1 | B12: IC-a | C12: C6 | D12: free_form_10d | E12: gamma | F12: 575 | G12: 575 | H12: 0 | I12: 1 | J12: 575 | K12: 132 | L12: 0.22956522 | M12: -0.38586272 | N12: -0.20715325 | O12: 1.2964455 | P12: 0.11983705 | Q12: 0.1351799 | R12: -0.015342846 | S12: 0.29403363 | T12: -0.022276521 | U12: 0.31631015 | V12: 575 | W12: -0.011789785 | X12: -0.092937692 | Y12: 0.067479773 | Z12: 0.77786398 | AA12: 575 | AB12: 0.40557363 | AC12: 0.32706383 | AD12: 0.4779042 | AE12: 3.5481452e-24 | AF12: 1 | AG12: n.s. | AH12: 2.8385161e-23 | AI12: ***
A13: ICa_gpt54mini_p50_live_seed1 | B13: IC-a | C13: C6X | D13: candidate_selection | E13: alpha | F13: 575 | G13: 521 | H13: 54 | I13: 0.90608696 | J13: 575 | K13: 98 | L13: 0.17043478 | M13: -0.20882757 | N13: 0 | O13: 0.92652668 | P13: 0.22515577 | Q13: 0.13558716 | R13: 0.089568609 | S13: 0.12731433 | T13: -0.017533559 | U13: 0.14484789 | V13: 521 | W13: 0.16743539 | X13: 0.097326523 | Y13: 0.23489689 | Z13: 0.00012316289 | AA13: 575 | AB13: 0.27216422 | AC13: 0.18339214 | AD13: 0.34969576 | AE13: 3.1845972e-11 | AF13: 0.00098530312 | AG13: *** | AH13: 9.5537916e-11 | AI13: ***
A14: ICa_gpt54mini_p50_live_seed1 | B14: IC-a | C14: C6X | D14: candidate_selection | E14: beta | F14: 575 | G14: 521 | H14: 54 | I14: 0.90608696 | J14: 575 | K14: 167 | L14: 0.29043478 | M14: -0.062869067 | N14: -0.044730841 | O14: 0.92652668 | P14: 0.17829457 | Q14: 0.14164017 | R14: 0.036654401 | S14: 0.010845323 | T14: -0.014986962 | U14: 0.025832285 | V14: 521 | W14: 0.034957979 | X14: -0.054083738 | Y14: 0.12125169 | Z14: 0.42588234 | AA14: 575 | AB14: 0.28873139 | AC14: 0.22226821 | AD14: 0.3580603 | AE14: 1.672651e-12 | AF14: 0.72152241 | AG14: n.s. | AH14: 1.0035906e-11 | AI14: ***
A15: ICa_gpt54mini_p50_live_seed1 | B15: IC-a | C15: C6X | D15: candidate_selection | E15: gamma | F15: 575 | G15: 521 | H15: 54 | I15: 0.90608696 | J15: 575 | K15: 145 | L15: 0.25217391 | M15: -0.11656986 | N15: 0 | O15: 0.92652668 | P15: 0.23887206 | Q15: 0.11957493 | R15: 0.11929713 | S15: 0.14445555 | T15: -0.029099959 | U15: 0.17355551 | V15: 521 | W15: 0.12749401 | X15: 0.034790961 | Y15: 0.2254142 | Z15: 0.0035566646 | AA15: 575 | AB15: 0.38031463 | AC15: 0.31094233 | AD15: 0.4403382 | AE15: 3.1546893e-21 | AF15: 0.024896652 | AG15: * | AH15: 2.8392204e-20 | AI15: ***
A16: ICa_gpt54mini_p50_live_seed1 | B16: IC-a | C16: C6X | D16: free_form_10d | E16: alpha | F16: 575 | G16: 575 | H16: 0 | I16: 1 | J16: 575 | K16: 13 | L16: 0.022608696 | M16: -0.81931551 | N16: -0.6749064 | O16: 1.0186248 | P16: 0.18675521 | Q16: 0.14176465 | R16: 0.044990556 | S16: 0.1201715 | T16: -0.075824832 | U16: 0.19599633 | V16: 575 | W16: 0.017473486 | X16: -0.071062752 | Y16: 0.095135456 | Z16: 0.67585966 | AA16: 575 | AB16: 0.21700515 | AC16: 0.13572401 | AD16: 0.28958441 | AE16: 1.4800474e-07 | AF16: 1 | AG16: n.s. | AH16: 5.9201898e-07 | AI16: ***
A17: ICa_gpt54mini_p50_live_seed1 | B17: IC-a | C17: C6X | D17: free_form_10d | E17: beta | F17: 575 | G17: 575 | H17: 0 | I17: 1 | J17: 575 | K17: 55 | L17: 0.095652174 | M17: -0.09046564 | N17: -0.090964485 | O17: 1.0186248 | P17: 0.30515584 | Q17: 0.12560765 | R17: 0.17954819 | S17: 0.047334395 | T17: 0.0014291792 | U17: 0.045905216 | V17: 575 | W17: 0.29844573 | X17: 0.22147822 | Y17: 0.37636622 | Z17: 2.7093986e-13 | AA17: 575 | AB17: 0.23657183 | AC17: 0.14624906 | AD17: 0.31549265 | AE17: 9.3479433e-09 | AF17: 2.4384587e-12 | AG17: *** | AH17: 4.6739716e-08 | AI17: ***
A18: ICa_gpt54mini_p50_live_seed1 | B18: IC-a | C18: C6X | D18: free_form_10d | E18: gamma | F18: 575 | G18: 575 | H18: 0 | I18: 1 | J18: 575 | K18: 58 | L18: 0.10086957 | M18: -0.71288046 | N18: -0.48195387 | O18: 1.0186248 | P18: 0.14130256 | Q18: 0.14294778 | R18: -0.0016452182 | S18: 0.068779852 | T18: -0.09011549 | U18: 0.15889534 | V18: 575 | W18: 0.055032548 | X18: -0.024743997 | Y18: 0.13990636 | Z18: 0.18758358 | AA18: 575 | AB18: 0.25088501 | AC18: 0.17507237 | AD18: 0.32586134 | AE18: 1.0556612e-09 | AF18: 0.82272574 | AG18: n.s. | AH18: 6.3339669e-09 | AI18: ***
... A60: ICc_gpt54mini_p50_live_seed1 | B60: IC-c | C60: C7 | D60: free_form_10d | E60: gamma | F60: 572 | G60: 519 | H60: 53 | I60: 0.90734266 | J60: 572 | K60: 224 | L60: 0.39160839 | M60: 0.037903657 | N60: 0 | O60: 1.3388474 | P60: 0.082511051 | Q60: 0.052600809 | R60: 0.029910241 | S60: 0.10919163 | T60: 0.0251603 | U60: 0.084031332 | V60: 519 | W60: 0.0058935547 | X60: -0.086575621 | Y60: 0.094398394 | Z60: 0.89344854 | AA60: 572 | AB60: 0.18634762 | AC60: 0.089988317 | AD60: 0.26919888 | AE60: 7.2438939e-06 | AF60: 1 | AG60: n.s. | AH60: 2.1731682e-05 | AI60: ***

Sheet CALCULATION
A1: TF-3 · 분석 과정
A2: 필터·분석단위와 실제 계산 결과입니다. 수치 셀은 SOURCE를 직접 참조합니다.
A4: 항목 | B4: 내용
A5: 계산 방법 | B5: 선택 실행 산출물에 명시된 조건을 적용하고 논문 분석단위로 행·열을 정리
A6: 생산 코드 | B6: src/credit_recourse/analysis/reference_quality_acceptance.py
A7: 선택 실행 | B7: V11_FINAL_FROZEN_REPLAY_RESUME
A11: 계산 데이터: reference_quality_alpha
A12: 입력 파일 | B12: data/analysis/paper_repro/02_llm_hypothesis_tests/reference_quality_acceptance/reference_quality_acceptance_summary.csv
A13: 선택 조건 | B13: [{"column": "oracle_backend", "op": "equals", "value": "alpha"}]
A14: 분석 단위 | B14: information_condition; revision_condition; mode
A15: 집계 | B15: PRODUCER_AGGREGATE_NO_REAGGREGATION
A16: information_condition | B16: revision_condition | C16: mode | D16: oracle_backend | E16: n_rows | F16: reference_better_fraction | G16: mean_reference_advantage | H16: mean_adoption_reference_better | I16: mean_adoption_reference_not_better | J16: adoption_group_gap | K16: mean_revision_gain_reference_better | L16: mean_revision_gain_reference_not_better | M16: revision_gain_group_gap
A17: ='SOURCE'!B7 | B17: ='SOURCE'!C7 | C17: ='SOURCE'!D7 | D17: ='SOURCE'!E7 | E17: ='SOURCE'!F7 | F17: ='SOURCE'!L7 | G17: ='SOURCE'!M7 | H17: ='SOURCE'!P7 | I17: ='SOURCE'!Q7 | J17: ='SOURCE'!R7 | K17: ='SOURCE'!S7 | L17: ='SOURCE'!T7 | M17: ='SOURCE'!U7
A18: ='SOURCE'!B10 | B18: ='SOURCE'!C10 | C18: ='SOURCE'!D10 | D18: ='SOURCE'!E10 | E18: ='SOURCE'!F10 | F18: ='SOURCE'!L10 | G18: ='SOURCE'!M10 | H18: ='SOURCE'!P10 | I18: ='SOURCE'!Q10 | J18: ='SOURCE'!R10 | K18: ='SOURCE'!S10 | L18: ='SOURCE'!T10 | M18: ='SOURCE'!U10
A19: ='SOURCE'!B13 | B19: ='SOURCE'!C13 | C19: ='SOURCE'!D13 | D19: ='SOURCE'!E13 | E19: ='SOURCE'!F13 | F19: ='SOURCE'!L13 | G19: ='SOURCE'!M13 | H19: ='SOURCE'!P13 | I19: ='SOURCE'!Q13 | J19: ='SOURCE'!R13 | K19: ='SOURCE'!S13 | L19: ='SOURCE'!T13 | M19: ='SOURCE'!U13
A20: ='SOURCE'!B16 | B20: ='SOURCE'!C16 | C20: ='SOURCE'!D16 | D20: ='SOURCE'!E16 | E20: ='SOURCE'!F16 | F20: ='SOURCE'!L16 | G20: ='SOURCE'!M16 | H20: ='SOURCE'!P16 | I20: ='SOURCE'!Q16 | J20: ='SOURCE'!R16 | K20: ='SOURCE'!S16 | L20: ='SOURCE'!T16 | M20: ='SOURCE'!U16
A21: ='SOURCE'!B19 | B21: ='SOURCE'!C19 | C21: ='SOURCE'!D19 | D21: ='SOURCE'!E19 | E21: ='SOURCE'!F19 | F21: ='SOURCE'!L19 | G21: ='SOURCE'!M19 | H21: ='SOURCE'!P19 | I21: ='SOURCE'!Q19 | J21: ='SOURCE'!R19 | K21: ='SOURCE'!S19 | L21: ='SOURCE'!T19 | M21: ='SOURCE'!U19
A22: ='SOURCE'!B22 | B22: ='SOURCE'!C22 | C22: ='SOURCE'!D22 | D22: ='SOURCE'!E22 | E22: ='SOURCE'!F22 | F22: ='SOURCE'!L22 | G22: ='SOURCE'!M22 | H22: ='SOURCE'!P22 | I22: ='SOURCE'!Q22 | J22: ='SOURCE'!R22 | K22: ='SOURCE'!S22 | L22: ='SOURCE'!T22 | M22: ='SOURCE'!U22
A23: ='SOURCE'!B25 | B23: ='SOURCE'!C25 | C23: ='SOURCE'!D25 | D23: ='SOURCE'!E25 | E23: ='SOURCE'!F25 | F23: ='SOURCE'!L25 | G23: ='SOURCE'!M25 | H23: ='SOURCE'!P25 | I23: ='SOURCE'!Q25 | J23: ='SOURCE'!R25 | K23: ='SOURCE'!S25 | L23: ='SOURCE'!T25 | M23: ='SOURCE'!U25
A24: ='SOURCE'!B28 | B24: ='SOURCE'!C28 | C24: ='SOURCE'!D28 | D24: ='SOURCE'!E28 | E24: ='SOURCE'!F28 | F24: ='SOURCE'!L28 | G24: ='SOURCE'!M28 | H24: ='SOURCE'!P28 | I24: ='SOURCE'!Q28 | J24: ='SOURCE'!R28 | K24: ='SOURCE'!S28 | L24: ='SOURCE'!T28 | M24: ='SOURCE'!U28
A25: ='SOURCE'!B31 | B25: ='SOURCE'!C31 | C25: ='SOURCE'!D31 | D25: ='SOURCE'!E31 | E25: ='SOURCE'!F31 | F25: ='SOURCE'!L31 | G25: ='SOURCE'!M31 | H25: ='SOURCE'!P31 | I25: ='SOURCE'!Q31 | J25: ='SOURCE'!R31 | K25: ='SOURCE'!S31 | L25: ='SOURCE'!T31 | M25: ='SOURCE'!U31
A26: ='SOURCE'!B34 | B26: ='SOURCE'!C34 | C26: ='SOURCE'!D34 | D26: ='SOURCE'!E34 | E26: ='SOURCE'!F34 | F26: ='SOURCE'!L34 | G26: ='SOURCE'!M34 | H26: ='SOURCE'!P34 | I26: ='SOURCE'!Q34 | J26: ='SOURCE'!R34 | K26: ='SOURCE'!S34 | L26: ='SOURCE'!T34 | M26: ='SOURCE'!U34
A27: ='SOURCE'!B37 | B27: ='SOURCE'!C37 | C27: ='SOURCE'!D37 | D27: ='SOURCE'!E37 | E27: ='SOURCE'!F37 | F27: ='SOURCE'!L37 | G27: ='SOURCE'!M37 | H27: ='SOURCE'!P37 | I27: ='SOURCE'!Q37 | J27: ='SOURCE'!R37 | K27: ='SOURCE'!S37 | L27: ='SOURCE'!T37 | M27: ='SOURCE'!U37
A28: ='SOURCE'!B40 | B28: ='SOURCE'!C40 | C28: ='SOURCE'!D40 | D28: ='SOURCE'!E40 | E28: ='SOURCE'!F40 | F28: ='SOURCE'!L40 | G28: ='SOURCE'!M40 | H28: ='SOURCE'!P40 | I28: ='SOURCE'!Q40 | J28: ='SOURCE'!R40 | K28: ='SOURCE'!S40 | L28: ='SOURCE'!T40 | M28: ='SOURCE'!U40
A29: ='SOURCE'!B43 | B29: ='SOURCE'!C43 | C29: ='SOURCE'!D43 | D29: ='SOURCE'!E43 | E29: ='SOURCE'!F43 | F29: ='SOURCE'!L43 | G29: ='SOURCE'!M43 | H29: ='SOURCE'!P43 | I29: ='SOURCE'!Q43 | J29: ='SOURCE'!R43 | K29: ='SOURCE'!S43 | L29: ='SOURCE'!T43 | M29: ='SOURCE'!U43
A30: ='SOURCE'!B46 | B30: ='SOURCE'!C46 | C30: ='SOURCE'!D46 | D30: ='SOURCE'!E46 | E30: ='SOURCE'!F46 | F30: ='SOURCE'!L46 | G30: ='SOURCE'!M46 | H30: ='SOURCE'!P46 | I30: ='SOURCE'!Q46 | J30: ='SOURCE'!R46 | K30: ='SOURCE'!S46 | L30: ='SOURCE'!T46 | M30: ='SOURCE'!U46
A31: ='SOURCE'!B49 | B31: ='SOURCE'!C49 | C31: ='SOURCE'!D49 | D31: ='SOURCE'!E49 | E31: ='SOURCE'!F49 | F31: ='SOURCE'!L49 | G31: ='SOURCE'!M49 | H31: ='SOURCE'!P49 | I31: ='SOURCE'!Q49 | J31: ='SOURCE'!R49 | K31: ='SOURCE'!S49 | L31: ='SOURCE'!T49 | M31: ='SOURCE'!U49
A32: ='SOURCE'!B52 | B32: ='SOURCE'!C52 | C32: ='SOURCE'!D52 | D32: ='SOURCE'!E52 | E32: ='SOURCE'!F52 | F32: ='SOURCE'!L52 | G32: ='SOURCE'!M52 | H32: ='SOURCE'!P52 | I32: ='SOURCE'!Q52 | J32: ='SOURCE'!R52 | K32: ='SOURCE'!S52 | L32: ='SOURCE'!T52 | M32: ='SOURCE'!U52
A33: ='SOURCE'!B55 | B33: ='SOURCE'!C55 | C33: ='SOURCE'!D55 | D33: ='SOURCE'!E55 | E33: ='SOURCE'!F55 | F33: ='SOURCE'!L55 | G33: ='SOURCE'!M55 | H33: ='SOURCE'!P55 | I33: ='SOURCE'!Q55 | J33: ='SOURCE'!R55 | K33: ='SOURCE'!S55 | L33: ='SOURCE'!T55 | M33: ='SOURCE'!U55
A34: ='SOURCE'!B58 | B34: ='SOURCE'!C58 | C34: ='SOURCE'!D58 | D34: ='SOURCE'!E58 | E34: ='SOURCE'!F58 | F34: ='SOURCE'!L58 | G34: ='SOURCE'!M58 | H34: ='SOURCE'!P58 | I34: ='SOURCE'!Q58 | J34: ='SOURCE'!R58 | K34: ='SOURCE'!S58 | L34: ='SOURCE'!T58 | M34: ='SOURCE'!U58

Sheet PAPER_TABLE
A1: TF-3 · 논문 표 작업용 결과
A2: ANALYSIS에서 계산된 값만 연결한 최종 작업표입니다. Excel에서 정렬·피벗·표시형식만 조정하면 됩니다.
A4: 계산 결과: reference_quality_alpha
A5: ='CALCULATION'!A16 | B5: ='CALCULATION'!B16 | C5: ='CALCULATION'!C16 | D5: ='CALCULATION'!D16 | E5: ='CALCULATION'!E16 | F5: ='CALCULATION'!F16 | G5: ='CALCULATION'!G16 | H5: ='CALCULATION'!H16 | ... M5: ='CALCULATION'!M16
A6: ='CALCULATION'!A17 | B6: ='CALCULATION'!B17 | C6: ='CALCULATION'!C17 | D6: ='CALCULATION'!D17 | E6: ='CALCULATION'!E17 | F6: ='CALCULATION'!F17 | G6: ='CALCULATION'!G17 | H6: ='CALCULATION'!H17 | ... M6: ='CALCULATION'!M17
A7: ='CALCULATION'!A18 | B7: ='CALCULATION'!B18 | C7: ='CALCULATION'!C18 | D7: ='CALCULATION'!D18 | E7: ='CALCULATION'!E18 | F7: ='CALCULATION'!F18 | G7: ='CALCULATION'!G18 | H7: ='CALCULATION'!H18 | ... M7: ='CALCULATION'!M18
A8: ='CALCULATION'!A19 | B8: ='CALCULATION'!B19 | C8: ='CALCULATION'!C19 | D8: ='CALCULATION'!D19 | E8: ='CALCULATION'!E19 | F8: ='CALCULATION'!F19 | G8: ='CALCULATION'!G19 | H8: ='CALCULATION'!H19 | ... M8: ='CALCULATION'!M19
A9: ='CALCULATION'!A20 | B9: ='CALCULATION'!B20 | C9: ='CALCULATION'!C20 | D9: ='CALCULATION'!D20 | E9: ='CALCULATION'!E20 | F9: ='CALCULATION'!F20 | G9: ='CALCULATION'!G20 | H9: ='CALCULATION'!H20 | ... M9: ='CALCULATION'!M20
A10: ='CALCULATION'!A21 | B10: ='CALCULATION'!B21 | C10: ='CALCULATION'!C21 | D10: ='CALCULATION'!D21 | E10: ='CALCULATION'!E21 | F10: ='CALCULATION'!F21 | G10: ='CALCULATION'!G21 | H10: ='CALCULATION'!H21 | ... M10: ='CALCULATION'!M21
A11: ='CALCULATION'!A22 | B11: ='CALCULATION'!B22 | C11: ='CALCULATION'!C22 | D11: ='CALCULATION'!D22 | E11: ='CALCULATION'!E22 | F11: ='CALCULATION'!F22 | G11: ='CALCULATION'!G22 | H11: ='CALCULATION'!H22 | ... M11: ='CALCULATION'!M22
A12: ='CALCULATION'!A23 | B12: ='CALCULATION'!B23 | C12: ='CALCULATION'!C23 | D12: ='CALCULATION'!D23 | E12: ='CALCULATION'!E23 | F12: ='CALCULATION'!F23 | G12: ='CALCULATION'!G23 | H12: ='CALCULATION'!H23 | ... M12: ='CALCULATION'!M23
A13: ='CALCULATION'!A24 | B13: ='CALCULATION'!B24 | C13: ='CALCULATION'!C24 | D13: ='CALCULATION'!D24 | E13: ='CALCULATION'!E24 | F13: ='CALCULATION'!F24 | G13: ='CALCULATION'!G24 | H13: ='CALCULATION'!H24 | ... M13: ='CALCULATION'!M24
A14: ='CALCULATION'!A25 | B14: ='CALCULATION'!B25 | C14: ='CALCULATION'!C25 | D14: ='CALCULATION'!D25 | E14: ='CALCULATION'!E25 | F14: ='CALCULATION'!F25 | G14: ='CALCULATION'!G25 | H14: ='CALCULATION'!H25 | ... M14: ='CALCULATION'!M25
A15: ='CALCULATION'!A26 | B15: ='CALCULATION'!B26 | C15: ='CALCULATION'!C26 | D15: ='CALCULATION'!D26 | E15: ='CALCULATION'!E26 | F15: ='CALCULATION'!F26 | G15: ='CALCULATION'!G26 | H15: ='CALCULATION'!H26 | ... M15: ='CALCULATION'!M26
A16: ='CALCULATION'!A27 | B16: ='CALCULATION'!B27 | C16: ='CALCULATION'!C27 | D16: ='CALCULATION'!D27 | E16: ='CALCULATION'!E27 | F16: ='CALCULATION'!F27 | G16: ='CALCULATION'!G27 | H16: ='CALCULATION'!H27 | ... M16: ='CALCULATION'!M27
... A23: ='CALCULATION'!A34 | B23: ='CALCULATION'!B34 | C23: ='CALCULATION'!C34 | D23: ='CALCULATION'!D34 | E23: ='CALCULATION'!E34 | F23: ='CALCULATION'!F34 | G23: ='CALCULATION'!G34 | H23: ='CALCULATION'!H34 | ... M23: ='CALCULATION'!M34
