Workbook

Sheet README
A1: F8 · 그림 8. 행동크기를 후보행동에 맞추었을 때의 정책가치 변화(Oracle-α)
A2: 논문 인쇄값을 계산 입력으로 쓰지 않고, 선택 실행의 실제 산출물에서 값을 계산한 Excel입니다.
A4: 항목 | B4: 내용
A5: 선택 실행 | B5: V11_FINAL_FROZEN_REPLAY_RESUME
A6: 실행 방식 | B6: FrozenReplay
A7: 논문 항목 읽기 | B7: 논문 DOCX에서 번호·제목·위치만 동적으로 읽음
A8: 논문 위치 | B8: 6.2 자유작성 우위의 출처 분석 · 인쇄면 71
A9: 관측·집계 단위 | B9: budget_label + policy
A10: 선택 조건 | B10: [[{"column": "policy", "op": "in", "values": ["C4", "C6"]}]]
A11: 계산 방법 | B11: 같은 기업의 행동 후 Oracle 점수에서 그 기업의 무행동 Oracle 점수를 뺀 뒤 기업 단위로 집계
A12: 생산 코드 | B12: src/credit_recourse/analysis/n5m_posthoc.py
A13: 실제 입력 산출물 | B13: frozen_outputs/analysis/paper_repro/03_output_contract_diagnostics/n5m_posthoc/n5m_score_budget_auditability_operating_points.csv

Sheet SOURCE
A1: F8 · 실제 입력 산출물
A2: 선택 실행에서 읽은 실제 중간·최종 산출물입니다. 아래 ANALYSIS가 이 셀들을 직접 참조합니다.
A4: 입력 1: frozen_outputs/analysis/paper_repro/03_output_contract_diagnostics/n5m_posthoc/n5m_score_budget_auditability_operating_points.csv
A5: 파일 크기(bytes) | B5: 2361 | C5: 생산 코드 | D5: src/credit_recourse/analysis/n5m_posthoc.py | E5: SHA256 | F5: FBF98AB7FDAD2E7A97283C40406A1DAB3BB8B169A262E6379EF8519C7EFEC5CB | G5: 읽기 상태 | H5: OK
A6: budget_label | B6: l1_budget | C6: policy | D6: n_firms | E6: mean_final_l1 | F6: mean_projection_distance | G6: budget_violation_rate | H6: mean_delta_R_score_alpha | I6: mean_delta_R_score_beta | J6: mean_delta_R_score_gamma | K6: sustainability_critical_rate | L6: point_estimate_nondominated_within_policy_alpha | M6: interpretation_boundary
A7: 0p75 | B7: 0.75 | C7: C4 | D7: 575 | E7: 0.42346772 | F7: 0.097963029 | G7: 0 | H7: 0.94031609 | I7: 0.23213613 | J7: 0.73595413 | K7: 0.0086956522 | L7: True | M7: Point-estimate screen only; not a statistical Pareto dominance claim and not an optimal-budget declaration.
A8: 0p75 | B8: 0.75 | C8: C6 | D8: 575 | E8: 0.38992678 | F8: 0.093467155 | G8: 0 | H8: 0.8406205 | I8: 0.20975655 | J8: 0.67456634 | K8: 0.012173913 | L8: True | M8: Point-estimate screen only; not a statistical Pareto dominance claim and not an optimal-budget declaration.
A9: 1p27 | B9: 1.27 | C9: C4 | D9: 575 | E9: 0.60189198 | F9: 0.10015763 | G9: 0.0069565217 | H9: 0.86625888 | I9: 0.1990904 | J9: 0.70978468 | K9: 0.013913043 | L9: False | M9: Point-estimate screen only; not a statistical Pareto dominance claim and not an optimal-budget declaration.
A10: 1p27 | B10: 1.27 | C10: C6 | D10: 575 | E10: 0.63037089 | F10: 0.10884114 | G10: 0.0034782609 | H10: 0.91520756 | I10: 0.20713418 | J10: 0.74728047 | K10: 0.012173913 | L10: True | M10: Point-estimate screen only; not a statistical Pareto dominance claim and not an optimal-budget declaration.
A11: 2p00 | B11: 2 | C11: C4 | D11: 575 | E11: 1.0578901 | F11: 0.14130801 | G11: 0.017391304 | H11: 1.1088714 | I11: 0.24906626 | J11: 0.91259224 | K11: 0.012173913 | L11: True | M11: Point-estimate screen only; not a statistical Pareto dominance claim and not an optimal-budget declaration.
A12: 2p00 | B12: 2 | C12: C6 | D12: 575 | E12: 1.0082284 | F12: 0.13881034 | G12: 0.0069565217 | H12: 1.1480051 | I12: 0.24211182 | J12: 0.94212693 | K12: 0.012173913 | L12: True | M12: Point-estimate screen only; not a statistical Pareto dominance claim and not an optimal-budget declaration.
A13: unbounded | C13: C4 | D13: 575 | E13: 2.3121752 | F13: 0.13120152 | G13: 0 | H13: 0.88731892 | I13: 0.15151608 | J13: 0.79966125 | K13: 0.010434783 | L13: False | M13: Point-estimate screen only; not a statistical Pareto dominance claim and not an optimal-budget declaration.
A14: unbounded | C14: C6 | D14: 575 | E14: 2.4429038 | F14: 0.16605898 | G14: 0 | H14: 1.0962301 | I14: 0.18674903 | J14: 0.95455202 | K14: 0.013913043 | L14: True | M14: Point-estimate screen only; not a statistical Pareto dominance claim and not an optimal-budget declaration.

Sheet CHART_DATA
A1: F8 · 그림 데이터
A2: 실제 실행 산출물과 연결된 데이터입니다. 차트는 이 시트의 값을 참조하므로 Excel에서 직접 편집할 수 있습니다.
A4: budget_label × policy | B4: mean_delta_R_score_alpha | C4: mean_final_l1
A5: ='SOURCE'!A7&" | "&'SOURCE'!C7 | B5: ='SOURCE'!H7 | C5: ='SOURCE'!E7
A6: ='SOURCE'!A8&" | "&'SOURCE'!C8 | B6: ='SOURCE'!H8 | C6: ='SOURCE'!E8
A7: ='SOURCE'!A9&" | "&'SOURCE'!C9 | B7: ='SOURCE'!H9 | C7: ='SOURCE'!E9
A8: ='SOURCE'!A10&" | "&'SOURCE'!C10 | B8: ='SOURCE'!H10 | C8: ='SOURCE'!E10
A9: ='SOURCE'!A11&" | "&'SOURCE'!C11 | B9: ='SOURCE'!H11 | C9: ='SOURCE'!E11
A10: ='SOURCE'!A12&" | "&'SOURCE'!C12 | B10: ='SOURCE'!H12 | C10: ='SOURCE'!E12
A11: ='SOURCE'!A13&" | "&'SOURCE'!C13 | B11: ='SOURCE'!H13 | C11: ='SOURCE'!E13
A12: ='SOURCE'!A14&" | "&'SOURCE'!C14 | B12: ='SOURCE'!H14 | C12: ='SOURCE'!E14

Sheet CHART
A1: F8 · 그림 8. 행동크기를 후보행동에 맞추었을 때의 정책가치 변화(Oracle-α)
A2: CHART_DATA를 참조하는 편집 가능한 Excel 차트입니다.
