Workbook

Sheet README
A1: FH-2 · 그림 H-2. Candidate-IQL 참조 채택률과 행동크기별 C6−C4 차이(Oracle-α)
A2: 논문 인쇄값을 계산 입력으로 쓰지 않고, 선택 실행의 실제 산출물에서 값을 계산한 Excel입니다.
A4: 항목 | B4: 내용
A5: 선택 실행 | B5: V11_FINAL_FROZEN_REPLAY_RESUME
A6: 실행 방식 | B6: FrozenReplay
A7: 논문 항목 읽기 | B7: 논문 DOCX에서 번호·제목·위치만 동적으로 읽음
A8: 논문 위치 | B8: H.6 행동크기에 따른 외부 정책 참조의 효과 · 인쇄면 131
A9: 관측·집계 단위 | B9: budget_label + adoption_quartile
A10: 선택 조건 | B10: [[{"column": "oracle_backend", "op": "equals", "value": "alpha"}]]
A11: 계산 방법 | B11: 선택 실행 산출물에 명시된 조건을 적용하고 논문 분석단위로 행·열을 정리
A12: 생산 코드 | B12: src/credit_recourse/analysis/n5m_posthoc.py
A13: 실제 입력 산출물 | B13: frozen_outputs/analysis/paper_repro/03_output_contract_diagnostics/n5m_posthoc/n5m_adoption_quartiles.csv

Sheet SOURCE
A1: FH-2 · 실제 입력 산출물
A2: 선택 실행에서 읽은 실제 중간·최종 산출물입니다. 아래 ANALYSIS가 이 셀들을 직접 참조합니다.
A4: 입력 1: frozen_outputs/analysis/paper_repro/03_output_contract_diagnostics/n5m_posthoc/n5m_adoption_quartiles.csv
A5: 파일 크기(bytes) | B5: 14599 | C5: 생산 코드 | D5: src/credit_recourse/analysis/n5m_posthoc.py | E5: SHA256 | F5: 2013DCC1CA77C078424E6B006CDCA13592F5726B243F057A81457B2AE7D12B52 | G5: 읽기 상태 | H5: OK
A6: budget_label | B6: l1_budget | C6: oracle_backend | D6: adoption_quartile | E6: n_firms | F6: mean_adoption_ratio | G6: median_adoption_ratio | H6: mean_revision_gain | I6: median_revision_gain | J6: score_decline_fraction | K6: mean_removed_initial_l1 | L6: mean_added_revised_l1 | M6: mean_zero_sum_reallocation_share | N6: mean_revision_l1_normalized | O6: mean_revision_l1_over_budget | P6: mean_c4_final_l1_normalized | Q6: mean_c6_final_l1_normalized | R6: mean_added_dimensions | S6: mean_removed_dimensions | T6: mean_sign_flipped_dimensions
A7: 0p75 | B7: 0.75 | C7: alpha | D7: Q1 | E7: 144 | F7: -0.13357217 | G7: -0.041168425 | H7: 0.084430672 | I7: 0 | J7: 0.034722222 | K7: 0.061895833 | L7: 0.097409722 | M7: 0.41796377 | N7: 0.61194444 | O7: 0.81592593 | P7: 1.7932551 | Q7: 2.2393662 | R7: 0.56944444 | S7: 0.1875 | T7: 0
A8: 0p75 | B8: 0.75 | C8: alpha | D8: Q2 | E8: 143 | F8: 0.019094121 | G8: 0.017477928 | H8: -0.006013489 | I8: 0 | J8: 0.041958042 | K8: 0.091009449 | L8: 0.077352244 | M8: 0.43239529 | N8: 0.24100409 | O8: 0.32133879 | P8: 2.3567354 | Q8: 2.3354779 | R8: 0.30769231 | S8: 0.37062937 | T8: 0.013986014
A9: 0p75 | B9: 0.75 | C9: alpha | D9: Q3 | E9: 143 | F9: 0.1432227 | G9: 0.13502025 | H9: -0.12475604 | I9: 0 | J9: 0.1958042 | K9: 0.10718182 | L9: 0.073104895 | M9: 0.42659189 | N9: 0.65435897 | O9: 0.87247863 | P9: 2.3428438 | Q9: 1.9581352 | R9: 0.37762238 | S9: 0.41958042 | T9: 0.020979021
A10: 0p75 | B10: 0.75 | C10: alpha | D10: Q4 | E10: 144 | F10: 0.60998506 | G10: 0.49865159 | H10: -0.3526593 | I10: 0 | J10: 0.40972222 | K10: 0.15973625 | L10: 0.037694172 | M10: 0.26995096 | N10: 0.98786921 | O10: 1.3171589 | P10: 2.4252546 | Q10: 1.636478 | R10: 0.375 | S10: 0.49305556 | T10: 0.013888889
A11: 0p75 | B11: 0.75 | C11: beta | D11: Q1 | E11: 144 | F11: -0.13357217 | G11: -0.041168425 | H11: 0.045175974 | I11: 0.019004435 | J11: 0.1875 | K11: 0.061895833 | L11: 0.097409722 | M11: 0.41796377 | N11: 0.61194444 | O11: 0.81592593 | P11: 1.7932551 | Q11: 2.2393662 | R11: 0.56944444 | S11: 0.1875 | T11: 0
A12: 0p75 | B12: 0.75 | C12: beta | D12: Q2 | E12: 143 | F12: 0.019094121 | G12: 0.017477928 | H12: -0.00098316835 | I12: -0.0021362385 | J12: 0.64335664 | K12: 0.091009449 | L12: 0.077352244 | M12: 0.43239529 | N12: 0.24100409 | O12: 0.32133879 | P12: 2.3567354 | Q12: 2.3354779 | R12: 0.30769231 | S12: 0.37062937 | T12: 0.013986014
A13: 0p75 | B13: 0.75 | C13: beta | D13: Q3 | E13: 143 | F13: 0.1432227 | G13: 0.13502025 | H13: -0.041303236 | I13: -0.028996265 | J13: 0.86013986 | K13: 0.10718182 | L13: 0.073104895 | M13: 0.42659189 | N13: 0.65435897 | O13: 0.87247863 | P13: 2.3428438 | Q13: 1.9581352 | R13: 0.37762238 | S13: 0.41958042 | T13: 0.020979021
A14: 0p75 | B14: 0.75 | C14: beta | D14: Q4 | E14: 144 | F14: 0.60998506 | G14: 0.49865159 | H14: -0.092546147 | I14: -0.088329364 | J14: 0.875 | K14: 0.15973625 | L14: 0.037694172 | M14: 0.26995096 | N14: 0.98786921 | O14: 1.3171589 | P14: 2.4252546 | Q14: 1.636478 | R14: 0.375 | S14: 0.49305556 | T14: 0.013888889
A15: 0p75 | B15: 0.75 | C15: gamma | D15: Q1 | E15: 144 | F15: -0.13357217 | G15: -0.041168425 | H15: 0.10554187 | I15: 0 | J15: 0.090277778 | K15: 0.061895833 | L15: 0.097409722 | M15: 0.41796377 | N15: 0.61194444 | O15: 0.81592593 | P15: 1.7932551 | Q15: 2.2393662 | R15: 0.56944444 | S15: 0.1875 | T15: 0
A16: 0p75 | B16: 0.75 | C16: gamma | D16: Q2 | E16: 143 | F16: 0.019094121 | G16: 0.017477928 | H16: -0.025499711 | I16: 0 | J16: 0.11888112 | K16: 0.091009449 | L16: 0.077352244 | M16: 0.43239529 | N16: 0.24100409 | O16: 0.32133879 | P16: 2.3567354 | Q16: 2.3354779 | R16: 0.30769231 | S16: 0.37062937 | T16: 0.013986014
A17: 0p75 | B17: 0.75 | C17: gamma | D17: Q3 | E17: 143 | F17: 0.1432227 | G17: 0.13502025 | H17: -0.066093313 | I17: 0 | J17: 0.18881119 | K17: 0.10718182 | L17: 0.073104895 | M17: 0.42659189 | N17: 0.65435897 | O17: 0.87247863 | P17: 2.3428438 | Q17: 1.9581352 | R17: 0.37762238 | S17: 0.41958042 | T17: 0.020979021
A18: 0p75 | B18: 0.75 | C18: gamma | D18: Q4 | E18: 144 | F18: 0.60998506 | G18: 0.49865159 | H18: -0.25970978 | I18: 0 | J18: 0.41666667 | K18: 0.15973625 | L18: 0.037694172 | M18: 0.26995096 | N18: 0.98786921 | O18: 1.3171589 | P18: 2.4252546 | Q18: 1.636478 | R18: 0.375 | S18: 0.49305556 | T18: 0.013888889
... A42: 2p00 | B42: 2 | C42: gamma | D42: Q4 | E42: 144 | F42: 0.52144882 | G42: 0.45403827 | H42: -0.11188059 | I42: 0 | J42: 0.375 | K42: 0.45335631 | L42: 0.2371971 | M42: 0.30829545 | N42: 1.3705541 | O42: 0.68527703 | P42: 2.7566855 | Q42: 2.3803741 | R42: 0.375 | S42: 0.63194444 | T42: 0.069444444
A43: unbounded | C43: alpha | D43: Q1 | E43: 143 | F43: -0.15447959 | G43: -0.10288036 | H43: 0.24860316 | I43: 0 | J43: 0.020979021 | K43: 0.24441975 | L43: 0.51991087 | M43: 0.28835293 | N43: 0.98782043 | P43: 2.563746 | Q43: 3.1165378 | R43: 0.69230769 | S43: 0.11888112 | T43: 0.06993007
A44: unbounded | C44: alpha | D44: Q2 | E44: 143 | F44: 0.020613898 | G44: 0.0064872563 | H44: 0.13771711 | I44: 0 | J44: 0.013986014 | K44: 0.14974076 | L44: 0.29347342 | M44: 0.23034295 | N44: 0.54512837 | P44: 2.3458025 | Q44: 2.5593834 | R44: 0.41258741 | S44: 0.041958042 | T44: 0.006993007
A45: unbounded | C45: alpha | D45: Q3 | E45: 143 | F45: 0.17306378 | G45: 0.16442283 | H45: 0.12440162 | I45: 0 | J45: 0.090909091 | K45: 0.32777933 | L45: 0.56528827 | M45: 0.27038004 | N45: 0.96877775 | P45: 2.6084757 | Q45: 2.8943816 | R45: 0.87412587 | S45: 0.090909091 | T45: 0.034965035
A46: unbounded | C46: alpha | D46: Q4 | E46: 143 | F46: 0.54370828 | G46: 0.52213627 | H46: 0.3227638 | I46: 0 | J46: 0.076923077 | K46: 0.59167745 | L46: 0.46001108 | M46: 0.27951092 | N46: 1.4441851 | P46: 1.990548 | Q46: 2.4534736 | R46: 1.048951 | S46: 0.41958042 | T46: 0.083916084
A47: unbounded | C47: beta | D47: Q1 | E47: 143 | F47: -0.15447959 | G47: -0.10288036 | H47: 0.038256413 | I47: 0.030391993 | J47: 0.13986014 | K47: 0.24441975 | L47: 0.51991087 | M47: 0.28835293 | N47: 0.98782043 | P47: 2.563746 | Q47: 3.1165378 | R47: 0.69230769 | S47: 0.11888112 | T47: 0.06993007
A48: unbounded | C48: beta | D48: Q2 | E48: 143 | F48: 0.020613898 | G48: 0.0064872563 | H48: 0.017524695 | I48: 0.0019672723 | J48: 0.23776224 | K48: 0.14974076 | L48: 0.29347342 | M48: 0.23034295 | N48: 0.54512837 | P48: 2.3458025 | Q48: 2.5593834 | R48: 0.41258741 | S48: 0.041958042 | T48: 0.006993007
A49: unbounded | C49: beta | D49: Q3 | E49: 143 | F49: 0.17306378 | G49: 0.16442283 | H49: 0.018032594 | I49: 0.0081487083 | J49: 0.41258741 | K49: 0.32777933 | L49: 0.56528827 | M49: 0.27038004 | N49: 0.96877775 | P49: 2.6084757 | Q49: 2.8943816 | R49: 0.87412587 | S49: 0.090909091 | T49: 0.034965035
A50: unbounded | C50: beta | D50: Q4 | E50: 143 | F50: 0.54370828 | G50: 0.52213627 | H50: 0.06527704 | I50: 0.055422748 | J50: 0.16083916 | K50: 0.59167745 | L50: 0.46001108 | M50: 0.27951092 | N50: 1.4441851 | P50: 1.990548 | Q50: 2.4534736 | R50: 1.048951 | S50: 0.41958042 | T50: 0.083916084
A51: unbounded | C51: gamma | D51: Q1 | E51: 143 | F51: -0.15447959 | G51: -0.10288036 | H51: 0.17457486 | I51: 0 | J51: 0.062937063 | K51: 0.24441975 | L51: 0.51991087 | M51: 0.28835293 | N51: 0.98782043 | P51: 2.563746 | Q51: 3.1165378 | R51: 0.69230769 | S51: 0.11888112 | T51: 0.06993007
A52: unbounded | C52: gamma | D52: Q2 | E52: 143 | F52: 0.020613898 | G52: 0.0064872563 | H52: 0.1392256 | I52: 0 | J52: 0.034965035 | K52: 0.14974076 | L52: 0.29347342 | M52: 0.23034295 | N52: 0.54512837 | P52: 2.3458025 | Q52: 2.5593834 | R52: 0.41258741 | S52: 0.041958042 | T52: 0.006993007
A53: unbounded | C53: gamma | D53: Q3 | E53: 143 | F53: 0.17306378 | G53: 0.16442283 | H53: 0.12854893 | I53: 0 | J53: 0.097902098 | K53: 0.32777933 | L53: 0.56528827 | M53: 0.27038004 | N53: 0.96877775 | P53: 2.6084757 | Q53: 2.8943816 | R53: 0.87412587 | S53: 0.090909091 | T53: 0.034965035
A54: unbounded | C54: gamma | D54: Q4 | E54: 143 | F54: 0.54370828 | G54: 0.52213627 | H54: 0.18046314 | I54: 0 | J54: 0.18181818 | K54: 0.59167745 | L54: 0.46001108 | M54: 0.27951092 | N54: 1.4441851 | P54: 1.990548 | Q54: 2.4534736 | R54: 1.048951 | S54: 0.41958042 | T54: 0.083916084

Sheet CHART_DATA
A1: FH-2 · 그림 데이터
A2: 실제 실행 산출물과 연결된 데이터입니다. 차트는 이 시트의 값을 참조하므로 Excel에서 직접 편집할 수 있습니다.
A4: budget_label × adoption_quartile | B4: mean_revision_gain | C4: mean_adoption_ratio
A5: ='SOURCE'!A7&" | "&'SOURCE'!D7 | B5: ='SOURCE'!H7 | C5: ='SOURCE'!F7
A6: ='SOURCE'!A8&" | "&'SOURCE'!D8 | B6: ='SOURCE'!H8 | C6: ='SOURCE'!F8
A7: ='SOURCE'!A9&" | "&'SOURCE'!D9 | B7: ='SOURCE'!H9 | C7: ='SOURCE'!F9
A8: ='SOURCE'!A10&" | "&'SOURCE'!D10 | B8: ='SOURCE'!H10 | C8: ='SOURCE'!F10
A9: ='SOURCE'!A19&" | "&'SOURCE'!D19 | B9: ='SOURCE'!H19 | C9: ='SOURCE'!F19
A10: ='SOURCE'!A20&" | "&'SOURCE'!D20 | B10: ='SOURCE'!H20 | C10: ='SOURCE'!F20
A11: ='SOURCE'!A21&" | "&'SOURCE'!D21 | B11: ='SOURCE'!H21 | C11: ='SOURCE'!F21
A12: ='SOURCE'!A22&" | "&'SOURCE'!D22 | B12: ='SOURCE'!H22 | C12: ='SOURCE'!F22
A13: ='SOURCE'!A31&" | "&'SOURCE'!D31 | B13: ='SOURCE'!H31 | C13: ='SOURCE'!F31
A14: ='SOURCE'!A32&" | "&'SOURCE'!D32 | B14: ='SOURCE'!H32 | C14: ='SOURCE'!F32
A15: ='SOURCE'!A33&" | "&'SOURCE'!D33 | B15: ='SOURCE'!H33 | C15: ='SOURCE'!F33
A16: ='SOURCE'!A34&" | "&'SOURCE'!D34 | B16: ='SOURCE'!H34 | C16: ='SOURCE'!F34
A17: ='SOURCE'!A43&" | "&'SOURCE'!D43 | B17: ='SOURCE'!H43 | C17: ='SOURCE'!F43
A18: ='SOURCE'!A44&" | "&'SOURCE'!D44 | B18: ='SOURCE'!H44 | C18: ='SOURCE'!F44
A19: ='SOURCE'!A45&" | "&'SOURCE'!D45 | B19: ='SOURCE'!H45 | C19: ='SOURCE'!F45
A20: ='SOURCE'!A46&" | "&'SOURCE'!D46 | B20: ='SOURCE'!H46 | C20: ='SOURCE'!F46

Sheet CHART
A1: FH-2 · 그림 H-2. Candidate-IQL 참조 채택률과 행동크기별 C6−C4 차이(Oracle-α)
A2: CHART_DATA를 참조하는 편집 가능한 Excel 차트입니다.
