Workbook

Sheet README
A1: F6 · 그림 6. 같은 정책조건을 반복 실행했을 때의 평균 정책가치
A2: 논문 인쇄값을 계산 입력으로 쓰지 않고, 선택 실행의 실제 산출물에서 값을 계산한 Excel입니다.
A4: 항목 | B4: 내용
A5: 선택 실행 | B5: V11_FINAL_FROZEN_REPLAY_RESUME
A6: 실행 방식 | B6: FrozenReplay
A7: 논문 항목 읽기 | B7: 논문 DOCX에서 번호·제목·위치만 동적으로 읽음
A8: 논문 위치 | B8: 5.5 반복 실행의 정책가치와 기업별 행동 · 인쇄면 62
A9: 관측·집계 단위 | B9: condition + execution
A10: 선택 조건 | B10: 추가 필터 없음
A11: 계산 방법 | B11: 각 실행에서 575개 기업의 Oracle-alpha 정책가치를 평균하고, 같은 조건의 세 독립 실행 사이 표본 표준편차를 계산
A12: 생산 코드 | B12: src/credit_recourse/reproduction/thesis_outputs/prepare.py::_derive_direct_reviewer_claim_values
A13: 실제 입력 산출물 | B13: embedded://thesis-output-calculation/derived/repeatability_mean_policy_values.csv

Sheet SOURCE
A1: F6 · 실제 입력 산출물
A2: 선택 실행에서 읽은 실제 중간·최종 산출물입니다. 아래 ANALYSIS가 이 셀들을 직접 참조합니다.
A4: 입력 1: embedded://thesis-output-calculation/derived/repeatability_mean_policy_values.csv
A5: 파일 크기(bytes) | B5: 2310 | C5: 생산 코드 | D5: src/credit_recourse/reproduction/thesis_outputs/prepare.py::_derive_direct_reviewer_claim_values | E5: SHA256 | F5: D30C51F1BBB8363CB7C303208B01F4F8DF0960011AF8FC0F3050436423CD4A89 | G5: 읽기 상태 | H5: OK
A6: condition | B6: execution | C6: condition_execution | D6: n_firms | E6: mean_policy_value_alpha | F6: condition_mean | G6: condition_sd | H6: source_run
A7: C4 자유작성 | B7: 실행 1 | C7: C4 자유작성 · 실행 1 | D7: 575 | E7: 0.8849404 | F7: 0.87756162 | G7: 0.014887845 | H7: ICb_gpt54mini_p50_live_seed1
A8: C4 자유작성 | B8: 실행 2 | C8: C4 자유작성 · 실행 2 | D8: 575 | E8: 0.88731892 | F8: 0.87756162 | G8: 0.014887845 | H8: N5M_C4C6_L1_unbounded_ICb_gpt54mini_p50_main_seed1_20260712_161725
A9: C4 자유작성 | B9: 실행 3 | C9: C4 자유작성 · 실행 3 | D9: 575 | E9: 0.86042556 | F9: 0.87756162 | G9: 0.014887845 | H9: C4R_C4C4RC6_L1_unbounded_ICb_gpt54mini_p50_main_seed1_20260715_032728
A10: C6 행동크기 무지시 | B10: 실행 1 | C10: C6 행동크기 무지시 · 실행 1 | D10: 575 | E10: 1.1025871 | F10: 1.085904 | G10: 0.023605666 | H10: ICb_gpt54mini_p50_live_seed1
A11: C6 행동크기 무지시 | B11: 실행 2 | C11: C6 행동크기 무지시 · 실행 2 | D11: 575 | E11: 1.0588947 | F11: 1.085904 | G11: 0.023605666 | H11: N5F_C4C6_L1_unbounded_ICb_gpt54mini_p50_main_seed1_20260712_083213
A12: C6 행동크기 무지시 | B12: 실행 3 | C12: C6 행동크기 무지시 · 실행 3 | D12: 575 | E12: 1.0962301 | F12: 1.085904 | G12: 0.023605666 | H12: N5M_C4C6_L1_unbounded_ICb_gpt54mini_p50_main_seed1_20260712_161725
A13: C6 행동크기 2.00 | B13: 실행 1 | C13: C6 행동크기 2.00 · 실행 1 | D13: 575 | E13: 1.0494477 | F13: 1.0890472 | G13: 0.052052335 | H13: N5_C6_L1_2p00_ICb_gpt54mini_p50_main_seed1_20260710
A14: C6 행동크기 2.00 | B14: 실행 2 | C14: C6 행동크기 2.00 · 실행 2 | D14: 575 | E14: 1.069689 | F14: 1.0890472 | G14: 0.052052335 | H14: N5F_C4C6_L1_2p00_ICb_gpt54mini_p50_main_seed1_20260712_083213
A15: C6 행동크기 2.00 | B15: 실행 3 | C15: C6 행동크기 2.00 · 실행 3 | D15: 575 | E15: 1.1480051 | F15: 1.0890472 | G15: 0.052052335 | H15: N5M_C4C6_L1_2p00_ICb_gpt54mini_p50_main_seed1_20260712_161725
A16: C6 행동크기 1.27 | B16: 실행 1 | C16: C6 행동크기 1.27 · 실행 1 | D16: 575 | E16: 0.88935042 | F16: 0.90532159 | G16: 0.013961382 | H16: N5_C6_L1_1p27_ICb_gpt54mini_p50_main_seed1_20260707
A17: C6 행동크기 1.27 | B17: 실행 2 | C17: C6 행동크기 1.27 · 실행 2 | D17: 575 | E17: 0.9114068 | F17: 0.90532159 | G17: 0.013961382 | H17: N5F_C4C6_L1_1p27_ICb_gpt54mini_p50_main_seed1_20260712_083213
A18: C6 행동크기 1.27 | B18: 실행 3 | C18: C6 행동크기 1.27 · 실행 3 | D18: 575 | E18: 0.91520756 | F18: 0.90532159 | G18: 0.013961382 | H18: N5M_C4C6_L1_1p27_ICb_gpt54mini_p50_main_seed1_20260712_161725

Sheet CHART_DATA
A1: F6 · 그림 데이터
A2: 실제 실행 산출물과 연결된 데이터입니다. 차트는 이 시트의 값을 참조하므로 Excel에서 직접 편집할 수 있습니다.
A4: condition_execution | B4: mean_policy_value_alpha
A5: ='SOURCE'!C7 | B5: ='SOURCE'!E7
A6: ='SOURCE'!C8 | B6: ='SOURCE'!E8
A7: ='SOURCE'!C9 | B7: ='SOURCE'!E9
A8: ='SOURCE'!C10 | B8: ='SOURCE'!E10
A9: ='SOURCE'!C11 | B9: ='SOURCE'!E11
A10: ='SOURCE'!C12 | B10: ='SOURCE'!E12
A11: ='SOURCE'!C13 | B11: ='SOURCE'!E13
A12: ='SOURCE'!C14 | B12: ='SOURCE'!E14
A13: ='SOURCE'!C15 | B13: ='SOURCE'!E15
A14: ='SOURCE'!C16 | B14: ='SOURCE'!E16
A15: ='SOURCE'!C17 | B15: ='SOURCE'!E17
A16: ='SOURCE'!C18 | B16: ='SOURCE'!E18

Sheet CHART
A1: F6 · 그림 6. 같은 정책조건을 반복 실행했을 때의 평균 정책가치
A2: CHART_DATA를 참조하는 편집 가능한 Excel 차트입니다.
