Workbook

Sheet README
A1: F7 · 그림 7. 기업별 연결·행동크기·재무항목 조합에 따른 정책가치(IC-b, Oracle-α)
A2: 논문 인쇄값을 계산 입력으로 쓰지 않고, 선택 실행의 실제 산출물에서 값을 계산한 Excel입니다.
A4: 항목 | B4: 내용
A5: 선택 실행 | B5: V11_FINAL_FROZEN_REPLAY_RESUME
A6: 실행 방식 | B6: FrozenReplay
A7: 논문 항목 읽기 | B7: 논문 DOCX에서 번호·제목·위치만 동적으로 읽음
A8: 논문 위치 | B8: 6.2 자유작성 우위의 출처 분석 · 인쇄면 70
A9: 관측·집계 단위 | B9: policy + mode; policy + mode + oracle_backend + shuffle_within; source_file + policy + mode
A10: 선택 조건 | B10: [[{"column": "policy", "op": "in", "values": ["C4", "C6"]}], [{"column": "policy", "op": "equals", "value": "C6"}, {"column": "mode", "op": "equals", "value": "free_form_10d"}], [{"column": "policy", "op": "equals", "value": "C6"}, {"column": "mode", "op": "equals", "value": "free_form_10d"}, {"column": "oracle_backend", "op": "equals", "value": "alpha"}, {"column": "shuffle_within", "op": "equals", "value": "none"}], [{"column": "policy", "op": "equals", "value": "C6"}, {"column": "mode", "op": "equals", "value": "free_form_10d"}], [{"column": "policy", "op": "equals", "value": "C6"}, {"column": "mode", "op": "equals", "value": "free_form_10d"}]]
A11: 계산 방법 | B11: 같은 기업의 행동 후 Oracle 점수에서 그 기업의 무행동 Oracle 점수를 뺀 뒤 기업 단위로 집계
A12: 생산 코드 | B12: src/credit_recourse/analysis/llm_action_budget_ablation.py
A13: 실제 입력 산출물 | B13: frozen_outputs/analysis/paper_repro/03_output_contract_diagnostics/ablation/IC-a/ICa_gpt54mini_p50_live_seed1/global_mean_vector_null_native/ablation_policy_summary.csv frozen_outputs/analysis/paper_repro/03_output_contract_diagnostics/ablation/IC-a/ICa_gpt54mini_p50_live_seed1/global_mean_vector_null_same_policy_candidate_mean/ablation_policy_summary.csv frozen_outputs/analysis/paper_repro/03_output_contract_diagnostics/ablation/IC-a/ICa_gpt54mini_p50_live_seed1/l1_rescale_same_policy_candidate_mean/ablation_policy_summary.csv frozen_outputs/analysis/paper_repro/03_output_contract_diagnostics/ablation/IC-a/ICa_gpt54mini_p50_live_seed1/nearest_candidate_projection_native/ablation_policy_summary.csv frozen_outputs/analysis/paper_repro/03_output_contract_diagnostics/ablation/IC-a/ICa_gpt54mini_p50_live_seed1/row_shuffle_vector_null_native/ablation_policy_summary.csv frozen_outputs/analysis/paper_repro/03_output_contract_diagnostics/ablation/IC-a/ICa_gpt54mini_p50_live_seed1/row_shuffle_vector_null_native_industry/ablation_policy_summary.csv frozen_outputs/analysis/paper_repro/03_output_contract_diagnostics/ablation/IC-a/ICa_gpt54mini_p50_live_seed1/row_shuffle_vector_null_native_rating_band/ablation_policy_summary.csv frozen_outputs/analysis/paper_repro/03_output_contract_diagnostics/ablation/IC-a/ICa_gpt54mini_p50_live_seed1/row_shuffle_vector_null_same_policy_candidate_mean/ablation_policy_summary.csv frozen_outputs/analysis/paper_repro/03_output_contract_diagnostics/ablation/IC-b/ICb_gpt54mini_p50_live_seed1/global_mean_vector_null_native/ablation_policy_summary.csv frozen_outputs/analysis/paper_repro/03_output_contract_diagnostics/ablation/IC-b/ICb_gpt54mini_p50_live_seed1/global_mean_vector_null_same_policy_candidate_mean/ablation_policy_summary.csv frozen_outputs/analysis/paper_repro/03_output_contract_diagnostics/ablation/IC-b/ICb_gpt54mini_p50_live_seed1/l1_rescale_same_policy_candidate_mean/ablation_policy_summary.csv frozen_outputs/analysis/paper_repro/03_output_contract_diagnostics/ablation/IC-b/ICb_gpt54mini_p50_live_seed1/nearest_candidate_projection_native/ablation_policy_summary.csv frozen_outputs/analysis/paper_repro/03_output_contract_diagnostics/ablation/IC-b/ICb_gpt54mini_p50_live_seed1/row_shuffle_vector_null_native/ablation_policy_summary.csv frozen_outputs/analysis/paper_repro/03_output_contract_diagnostics/ablation/IC-b/ICb_gpt54mini_p50_live_seed1/row_shuffle_vector_null_native_industry/ablation_policy_summary.csv frozen_outputs/analysis/paper_repro/03_output_contract_diagnostics/ablation/IC-b/ICb_gpt54mini_p50_live_seed1/row_shuffle_vector_null_native_rating_band/ablation_policy_summary.csv frozen_outputs/analysis/paper_repro/03_output_contract_diagnostics/ablation/IC-b/ICb_gpt54mini_p50_live_seed1/row_shuffle_vector_null_same_policy_candidate_mean/ablation_policy_summary.csv frozen_outputs/analysis/paper_repro/03_output_contract_diagnostics/ablation/IC-c/ICc_gpt54mini_p50_live_seed1/global_mean_vector_null_native/ablation_policy_summary.csv frozen_outputs/analysis/paper_repro/03_output_contract_diagnostics/ablation/IC-c/ICc_gpt54mini_p50_live_seed1/global_mean_vector_null_same_policy_candidate_mean/ablation_policy_summary.csv frozen_outputs/analysis/paper_repro/03_output_contract_diagnostics/ablation/IC-c/ICc_gpt54mini_p50_live_seed1/l1_rescale_same_policy_candidate_mean/ablation_policy_summary.csv frozen_outputs/analysis/paper_repro/03_output_contract_diagnostics/ablation/IC-c/ICc_gpt54mini_p50_live_seed1/nearest_candidate_projection_native/ablation_policy_summary.csv frozen_outputs/analysis/paper_repro/03_output_contract_diagnostics/ablation/IC-c/ICc_gpt54mini_p50_live_seed1/row_shuffle_vector_null_native/ablation_policy_summary.csv frozen_outputs/analysis/paper_repro/03_output_contract_diagnostics/ablation/IC-c/ICc_gpt54mini_p50_live_seed1/row_shuffle_vector_null_native_industry/ablation_policy_summary.csv frozen_outputs/analysis/paper_repro/03_output_contract_diagnostics/ablation/IC-c/ICc_gpt54mini_p50_live_seed1/row_shuffle_vector_null_native_rating_band/ablation_policy_summary.csv frozen_outputs/analysis/paper_repro/03_output_contract_diagnostics/ablation/IC-c/ICc_gpt54mini_p50_live_seed1/row_shuffle_vector_null_same_policy_candidate_mean/ablation_policy_summary.csv frozen_outputs/analysis/paper_repro/03_output_contract_diagnostics/ablation/IC-a/ICa_gpt54mini_p50_live_seed1/row_shuffle_vector_null_native/shuffle_permutation_ci.csv frozen_outputs/analysis/paper_repro/03_output_contract_diagnostics/ablation/IC-a/ICa_gpt54mini_p50_live_seed1/row_shuffle_vector_null_native_industry/shuffle_permutation_ci.csv frozen_outputs/analysis/paper_repro/03_output_contract_diagnostics/ablation/IC-a/ICa_gpt54mini_p50_live_seed1/row_shuffle_vector_null_native_rating_band/shuffle_permutation_ci.csv frozen_outputs/analysis/paper_repro/03_output_contract_diagnostics/ablation/IC-b/ICb_gpt54mini_p50_live_seed1/row_shuffle_vector_null_native/shuffle_permutation_ci.csv frozen_outputs/analysis/paper_repro/03_output_contract_diagnostics/ablation/IC-b/ICb_gpt54mini_p50_live_seed1/row_shuffle_vector_null_native_industry/shuffle_permutation_ci.csv frozen_outputs/analysis/paper_repro/03_output_contract_diagnostics/ablation/IC-b/ICb_gpt54mini_p50_live_seed1/row_shuffle_vector_null_native_rating_band/shuffle_permutation_ci.csv frozen_outputs/analysis/paper_repro/03_output_contract_diagnostics/ablation/IC-c/ICc_gpt54mini_p50_live_seed1/row_shuffle_vector_null_native/shuffle_permutation_ci.csv frozen_outputs/analysis/paper_repro/03_output_contract_diagnostics/ablation/IC-c/ICc_gpt54mini_p50_live_seed1/row_shuffle_vector_null_native_industry/shuffle_permutation_ci.csv frozen_outputs/analysis/paper_repro/03_output_contract_diagnostics/ablation/IC-c/ICc_gpt54mini_p50_live_seed1/row_shuffle_vector_null_native_rating_band/shuffle_permutation_ci.csv

Sheet SOURCE
A1: F7 · 실제 입력 산출물
A2: 선택 실행에서 읽은 실제 중간·최종 산출물입니다. 아래 ANALYSIS가 이 셀들을 직접 참조합니다.
A4: 입력 1: frozen_outputs/analysis/paper_repro/03_output_contract_diagnostics/ablation/IC-a/ICa_gpt54mini_p50_live_seed1/global_mean_vector_null_native/ablation_policy_summary.csv
A5: 파일 크기(bytes) | B5: 2782 | C5: 생산 코드 | D5: src/credit_recourse/analysis/llm_action_budget_ablation.py | E5: SHA256 | F5: 985D961B439EA796BA8A4D1E48F65135B53F9C6A543319B3A002AE6BDB267864 | G5: 읽기 상태 | H5: OK
A6: policy | B6: mode | C6: n_rows | D6: mean_delta_R_score_alpha | E6: median_delta_R_score_alpha | F6: positive_fraction_alpha | G6: valid_fraction_alpha | H6: mean_delta_R_score_beta | I6: median_delta_R_score_beta | J6: positive_fraction_beta | K6: valid_fraction_beta | L6: mean_delta_R_score_gamma | M6: median_delta_R_score_gamma | N6: positive_fraction_gamma | O6: valid_fraction_gamma
A7: C4 | B7: candidate_selection | C7: 575 | D7: 0.5203648 | E7: 0.19649361 | F7: 0.56869565 | G7: 1 | H7: 0.1050754 | I7: 0.083211833 | J7: 0.91478261 | K7: 1 | L7: 0.38433277 | M7: 0.06483086 | N7: 0.51478261 | O7: 1
A8: C4 | B8: free_form_10d | C8: 575 | D8: 1.1308527 | E8: 0.89187138 | F8: 0.85565217 | G8: 1 | H8: 0.13267197 | I8: 0.13065226 | J8: 0.99304348 | K8: 1 | L8: 0.98064338 | M8: 0.69132878 | N8: 0.79652174 | O8: 1
A9: C5 | B9: candidate_selection | C9: 575 | D9: 0.57026885 | E9: 0.28218806 | F9: 0.61913043 | G9: 1 | H9: 0.12812041 | I9: 0.11901649 | J9: 0.95478261 | K9: 1 | L9: 0.4046401 | M9: 0.098978989 | N9: 0.54608696 | O9: 1
A10: C5 | B10: free_form_10d | C10: 557 | D10: 0.93161472 | E10: 0.87544054 | F10: 0.77199282 | G10: 1 | H10: 0.10045887 | I10: 0.096032381 | J10: 0.96050269 | K10: 1 | L10: 0.83238329 | M10: 0.59277789 | N10: 0.74147217 | O10: 1
A11: C6 | B11: candidate_selection | C11: 575 | D11: 0.56204636 | E11: 0.28218806 | F11: 0.60695652 | G11: 1 | H11: 0.11064924 | I11: 0.087368589 | J11: 0.9373913 | K11: 1 | L11: 0.42177443 | M11: 0.11480098 | N11: 0.54782609 | O11: 1
A12: C6 | B12: free_form_10d | C12: 575 | D12: 1.1311019 | E12: 0.89187138 | F12: 0.85565217 | G12: 1 | H12: 0.16557804 | I12: 0.16236038 | J12: 0.99652174 | K12: 1 | L12: 0.95611759 | M12: 0.6728615 | N12: 0.8 | O12: 1
A13: C6X | B13: candidate_selection | C13: 575 | D13: 0.52751836 | E13: 0.19649361 | F13: 0.57217391 | G13: 1 | H13: 0.097591032 | I13: 0.076475569 | J13: 0.90956522 | K13: 1 | L13: 0.39899899 | M13: 0.073779485 | N13: 0.52869565 | O13: 1
A14: C6X | B14: free_form_10d | C14: 575 | D14: 1.0594591 | E14: 0.89187138 | F14: 0.82782609 | G14: 1 | H14: 0.13849209 | I14: 0.13140495 | J14: 0.99130435 | K14: 1 | L14: 0.90655559 | M14: 0.63668626 | N14: 0.77565217 | O14: 1
A15: C7 | B15: candidate_selection | C15: 575 | D15: 0.58327923 | E15: 0.28218806 | F15: 0.63130435 | G15: 1 | H15: 0.12936562 | I15: 0.12021108 | J15: 0.96 | K15: 1 | L15: 0.42668995 | M15: 0.12909112 | N15: 0.56 | O15: 1
A16: C7 | B16: free_form_10d | C16: 574 | D16: 1.0039093 | E16: 0.87544054 | F16: 0.76829268 | G16: 1 | H16: 0.13614607 | I16: 0.12378602 | J16: 0.95993031 | K16: 1 | L16: 0.92013108 | M16: 0.63373686 | N16: 0.7456446 | O16: 1
A17: C8 | B17: candidate_selection | C17: 575 | D17: 0.55533533 | E17: 0.19649361 | F17: 0.56 | G17: 1 | H17: 0.096353518 | I17: 0.077772528 | J17: 0.89217391 | K17: 1 | L17: 0.44872374 | M17: 0.073779485 | N17: 0.53217391 | O17: 1
A18: C8 | B18: free_form_10d | C18: 575 | D18: 0.89166204 | E18: 0.6749064 | F18: 0.71304348 | G18: 1 | H18: 0.14223823 | I18: 0.13031156 | J18: 0.97391304 | K18: 1 | L18: 0.80058058 | M18: 0.45895988 | N18: 0.68347826 | O18: 1
A21: 입력 2: frozen_outputs/analysis/paper_repro/03_output_contract_diagnostics/ablation/IC-a/ICa_gpt54mini_p50_live_seed1/global_mean_vector_null_same_policy_candidate_mean/ablation_policy_summary.csv
A22: 파일 크기(bytes) | B22: 2799 | C22: 생산 코드 | D22: src/credit_recourse/analysis/llm_action_budget_ablation.py | E22: SHA256 | F22: CB8F6230C18B22FF7CBD6EE3818CF0ADA685A47AB8AA0F51F1A71927D81209B4 | G22: 읽기 상태 | H22: OK
A23: policy | B23: mode | C23: n_rows | D23: mean_delta_R_score_alpha | E23: median_delta_R_score_alpha | F23: positive_fraction_alpha | G23: valid_fraction_alpha | H23: mean_delta_R_score_beta | I23: median_delta_R_score_beta | J23: positive_fraction_beta | K23: valid_fraction_beta | L23: mean_delta_R_score_gamma | M23: median_delta_R_score_gamma | N23: positive_fraction_gamma | O23: valid_fraction_gamma
A24: C4 | B24: candidate_selection | C24: 575 | D24: 0.5203648 | E24: 0.19649361 | F24: 0.56869565 | G24: 1 | H24: 0.1050754 | I24: 0.083211833 | J24: 0.91478261 | K24: 1 | L24: 0.38433277 | M24: 0.06483086 | N24: 0.51478261 | O24: 1
A25: C4 | B25: free_form_10d | C25: 575 | D25: 1.1308527 | E25: 0.89187138 | F25: 0.85565217 | G25: 1 | H25: 0.13267197 | I25: 0.13065226 | J25: 0.99304348 | K25: 1 | L25: 0.98064338 | M25: 0.69132878 | N25: 0.79652174 | O25: 1
A26: C5 | B26: candidate_selection | C26: 575 | D26: 0.57026885 | E26: 0.28218806 | F26: 0.61913043 | G26: 1 | H26: 0.12812041 | I26: 0.11901649 | J26: 0.95478261 | K26: 1 | L26: 0.4046401 | M26: 0.098978989 | N26: 0.54608696 | O26: 1
A27: C5 | B27: free_form_10d | C27: 557 | D27: 0.93161472 | E27: 0.87544054 | F27: 0.77199282 | G27: 1 | H27: 0.10045887 | I27: 0.096032381 | J27: 0.96050269 | K27: 1 | L27: 0.83238329 | M27: 0.59277789 | N27: 0.74147217 | O27: 1
A28: C6 | B28: candidate_selection | C28: 575 | D28: 0.56204636 | E28: 0.28218806 | F28: 0.60695652 | G28: 1 | H28: 0.11064924 | I28: 0.087368589 | J28: 0.9373913 | K28: 1 | L28: 0.42177443 | M28: 0.11480098 | N28: 0.54782609 | O28: 1
A29: C6 | B29: free_form_10d | C29: 575 | D29: 0.42404803 | E29: 0.14214537 | F29: 0.53043478 | G29: 1 | H29: 0.062161056 | I29: 0.060812127 | J29: 0.99652174 | K29: 1 | L29: 0.36680102 | M29: 0.095162637 | N29: 0.54608696 | O29: 1
A30: C6X | B30: candidate_selection | C30: 575 | D30: 0.52751836 | E30: 0.19649361 | F30: 0.57217391 | G30: 1 | H30: 0.097591032 | I30: 0.076475569 | J30: 0.90956522 | K30: 1 | L30: 0.39899899 | M30: 0.073779485 | N30: 0.52869565 | O30: 1
A31: C6X | B31: free_form_10d | C31: 575 | D31: 1.0594591 | E31: 0.89187138 | F31: 0.82782609 | G31: 1 | H31: 0.13849209 | I31: 0.13140495 | J31: 0.99130435 | K31: 1 | L31: 0.90655559 | M31: 0.63668626 | N31: 0.77565217 | O31: 1
A32: C7 | B32: candidate_selection | C32: 575 | D32: 0.58327923 | E32: 0.28218806 | F32: 0.63130435 | G32: 1 | H32: 0.12936562 | I32: 0.12021108 | J32: 0.96 | K32: 1 | L32: 0.42668995 | M32: 0.12909112 | N32: 0.56 | O32: 1
A33: C7 | B33: free_form_10d | C33: 574 | D33: 1.0039093 | E33: 0.87544054 | F33: 0.76829268 | G33: 1 | H33: 0.13614607 | I33: 0.12378602 | J33: 0.95993031 | K33: 1 | L33: 0.92013108 | M33: 0.63373686 | N33: 0.7456446 | O33: 1
A34: C8 | B34: candidate_selection | C34: 575 | D34: 0.55533533 | E34: 0.19649361 | F34: 0.56 | G34: 1 | H34: 0.096353518 | I34: 0.077772528 | J34: 0.89217391 | K34: 1 | L34: 0.44872374 | M34: 0.073779485 | N34: 0.53217391 | O34: 1
A35: C8 | B35: free_form_10d | C35: 575 | D35: 0.89166204 | E35: 0.6749064 | F35: 0.71304348 | G35: 1 | H35: 0.14223823 | I35: 0.13031156 | J35: 0.97391304 | K35: 1 | L35: 0.80058058 | M35: 0.45895988 | N35: 0.68347826 | O35: 1
A38: 입력 3: frozen_outputs/analysis/paper_repro/03_output_contract_diagnostics/ablation/IC-a/ICa_gpt54mini_p50_live_seed1/l1_rescale_same_policy_candidate_mean/ablation_policy_summary.csv
A39: 파일 크기(bytes) | B39: 2797 | C39: 생산 코드 | D39: src/credit_recourse/analysis/llm_action_budget_ablation.py | E39: SHA256 | F39: 8192BC1EC5E6F31E7C77D92A93B74130292376CCD4590DC5B38E4E7EF835A9CA | G39: 읽기 상태 | H39: OK
A40: policy | B40: mode | C40: n_rows | D40: mean_delta_R_score_alpha | E40: median_delta_R_score_alpha | F40: positive_fraction_alpha | G40: valid_fraction_alpha | H40: mean_delta_R_score_beta | I40: median_delta_R_score_beta | J40: positive_fraction_beta | K40: valid_fraction_beta | L40: mean_delta_R_score_gamma | M40: median_delta_R_score_gamma | N40: positive_fraction_gamma | O40: valid_fraction_gamma
A41: C4 | B41: candidate_selection | C41: 575 | D41: 0.5203648 | E41: 0.19649361 | F41: 0.56869565 | G41: 1 | H41: 0.1050754 | I41: 0.083211833 | J41: 0.91478261 | K41: 1 | L41: 0.38433277 | M41: 0.06483086 | N41: 0.51478261 | O41: 1
A42: C4 | B42: free_form_10d | C42: 575 | D42: 1.1308527 | E42: 0.89187138 | F42: 0.85565217 | G42: 1 | H42: 0.13267197 | I42: 0.13065226 | J42: 0.99304348 | K42: 1 | L42: 0.98064338 | M42: 0.69132878 | N42: 0.79652174 | O42: 1
A43: C5 | B43: candidate_selection | C43: 575 | D43: 0.57026885 | E43: 0.28218806 | F43: 0.61913043 | G43: 1 | H43: 0.12812041 | I43: 0.11901649 | J43: 0.95478261 | K43: 1 | L43: 0.4046401 | M43: 0.098978989 | N43: 0.54608696 | O43: 1
A44: C5 | B44: free_form_10d | C44: 557 | D44: 0.93161472 | E44: 0.87544054 | F44: 0.77199282 | G44: 1 | H44: 0.10045887 | I44: 0.096032381 | J44: 0.96050269 | K44: 1 | L44: 0.83238329 | M44: 0.59277789 | N44: 0.74147217 | O44: 1
A45: C6 | B45: candidate_selection | C45: 575 | D45: 0.56204636 | E45: 0.28218806 | F45: 0.60695652 | G45: 1 | H45: 0.11064924 | I45: 0.087368589 | J45: 0.9373913 | K45: 1 | L45: 0.42177443 | M45: 0.11480098 | N45: 0.54782609 | O45: 1
A46: C6 | B46: free_form_10d | C46: 575 | D46: 0.43356781 | E46: 0.14214537 | F46: 0.52521739 | G46: 1 | H46: 0.066535001 | I46: 0.059100327 | J46: 0.99478261 | K46: 1 | L46: 0.4038848 | M46: 0.13394948 | N46: 0.5773913 | O46: 1
A47: C6X | B47: candidate_selection | C47: 575 | D47: 0.52751836 | E47: 0.19649361 | F47: 0.57217391 | G47: 1 | H47: 0.097591032 | I47: 0.076475569 | J47: 0.90956522 | K47: 1 | L47: 0.39899899 | M47: 0.073779485 | N47: 0.52869565 | O47: 1
A48: C6X | B48: free_form_10d | C48: 575 | D48: 1.0594591 | E48: 0.89187138 | F48: 0.82782609 | G48: 1 | H48: 0.13849209 | I48: 0.13140495 | J48: 0.99130435 | K48: 1 | L48: 0.90655559 | M48: 0.63668626 | N48: 0.77565217 | O48: 1
A49: C7 | B49: candidate_selection | C49: 575 | D49: 0.58327923 | E49: 0.28218806 | F49: 0.63130435 | G49: 1 | H49: 0.12936562 | I49: 0.12021108 | J49: 0.96 | K49: 1 | L49: 0.42668995 | M49: 0.12909112 | N49: 0.56 | O49: 1
A50: C7 | B50: free_form_10d | C50: 574 | D50: 1.0039093 | E50: 0.87544054 | F50: 0.76829268 | G50: 1 | H50: 0.13614607 | I50: 0.12378602 | J50: 0.95993031 | K50: 1 | L50: 0.92013108 | M50: 0.63373686 | N50: 0.7456446 | O50: 1
A51: C8 | B51: candidate_selection | C51: 575 | D51: 0.55533533 | E51: 0.19649361 | F51: 0.56 | G51: 1 | H51: 0.096353518 | I51: 0.077772528 | J51: 0.89217391 | K51: 1 | L51: 0.44872374 | M51: 0.073779485 | N51: 0.53217391 | O51: 1
A52: C8 | B52: free_form_10d | C52: 575 | D52: 0.89166204 | E52: 0.6749064 | F52: 0.71304348 | G52: 1 | H52: 0.14223823 | I52: 0.13031156 | J52: 0.97391304 | K52: 1 | L52: 0.80058058 | M52: 0.45895988 | N52: 0.68347826 | O52: 1
A55: 입력 4: frozen_outputs/analysis/paper_repro/03_output_contract_diagnostics/ablation/IC-a/ICa_gpt54mini_p50_live_seed1/nearest_candidate_projection_native/ablation_policy_summary.csv
A56: 파일 크기(bytes) | B56: 2799 | C56: 생산 코드 | D56: src/credit_recourse/analysis/llm_action_budget_ablation.py | E56: SHA256 | F56: 5BE5BBE84B3A5769C325BF565F003A0D859D03EDA866F5B7596CBA9B4ECFEF81 | G56: 읽기 상태 | H56: OK
A57: policy | B57: mode | C57: n_rows | D57: mean_delta_R_score_alpha | E57: median_delta_R_score_alpha | F57: positive_fraction_alpha | G57: valid_fraction_alpha | H57: mean_delta_R_score_beta | I57: median_delta_R_score_beta | J57: positive_fraction_beta | K57: valid_fraction_beta | L57: mean_delta_R_score_gamma | M57: median_delta_R_score_gamma | N57: positive_fraction_gamma | O57: valid_fraction_gamma
A58: C4 | B58: candidate_selection | C58: 575 | D58: 0.5203648 | E58: 0.19649361 | F58: 0.56869565 | G58: 1 | H58: 0.1050754 | I58: 0.083211833 | J58: 0.91478261 | K58: 1 | L58: 0.38433277 | M58: 0.06483086 | N58: 0.51478261 | O58: 1
A59: C4 | B59: free_form_10d | C59: 575 | D59: 1.1308527 | E59: 0.89187138 | F59: 0.85565217 | G59: 1 | H59: 0.13267197 | I59: 0.13065226 | J59: 0.99304348 | K59: 1 | L59: 0.98064338 | M59: 0.69132878 | N59: 0.79652174 | O59: 1
A60: C5 | B60: candidate_selection | C60: 575 | D60: 0.57026885 | E60: 0.28218806 | F60: 0.61913043 | G60: 1 | H60: 0.12812041 | I60: 0.11901649 | J60: 0.95478261 | K60: 1 | L60: 0.4046401 | M60: 0.098978989 | N60: 0.54608696 | O60: 1
A61: C5 | B61: free_form_10d | C61: 557 | D61: 0.93161472 | E61: 0.87544054 | F61: 0.77199282 | G61: 1 | H61: 0.10045887 | I61: 0.096032381 | J61: 0.96050269 | K61: 1 | L61: 0.83238329 | M61: 0.59277789 | N61: 0.74147217 | O61: 1
A62: C6 | B62: candidate_selection | C62: 575 | D62: 0.56204636 | E62: 0.28218806 | F62: 0.60695652 | G62: 1 | H62: 0.11064924 | I62: 0.087368589 | J62: 0.9373913 | K62: 1 | L62: 0.42177443 | M62: 0.11480098 | N62: 0.54782609 | O62: 1
A63: C6 | B63: free_form_10d | C63: 575 | D63: 0.56888493 | E63: 0.19649361 | F63: 0.57043478 | G63: 1 | H63: 0.095076576 | I63: 0.079618728 | J63: 0.94956522 | K63: 1 | L63: 0.51764698 | M63: 0.1668024 | N63: 0.57043478 | O63: 1
A64: C6X | B64: candidate_selection | C64: 575 | D64: 0.52751836 | E64: 0.19649361 | F64: 0.57217391 | G64: 1 | H64: 0.097591032 | I64: 0.076475569 | J64: 0.90956522 | K64: 1 | L64: 0.39899899 | M64: 0.073779485 | N64: 0.52869565 | O64: 1
A65: C6X | B65: free_form_10d | C65: 575 | D65: 1.0594591 | E65: 0.89187138 | F65: 0.82782609 | G65: 1 | H65: 0.13849209 | I65: 0.13140495 | J65: 0.99130435 | K65: 1 | L65: 0.90655559 | M65: 0.63668626 | N65: 0.77565217 | O65: 1
A66: C7 | B66: candidate_selection | C66: 575 | D66: 0.58327923 | E66: 0.28218806 | F66: 0.63130435 | G66: 1 | H66: 0.12936562 | I66: 0.12021108 | J66: 0.96 | K66: 1 | L66: 0.42668995 | M66: 0.12909112 | N66: 0.56 | O66: 1
A67: C7 | B67: free_form_10d | C67: 574 | D67: 1.0039093 | E67: 0.87544054 | F67: 0.76829268 | G67: 1 | H67: 0.13614607 | I67: 0.12378602 | J67: 0.95993031 | K67: 1 | L67: 0.92013108 | M67: 0.63373686 | N67: 0.7456446 | O67: 1
A68: C8 | B68: candidate_selection | C68: 575 | D68: 0.55533533 | E68: 0.19649361 | F68: 0.56 | G68: 1 | H68: 0.096353518 | I68: 0.077772528 | J68: 0.89217391 | K68: 1 | L68: 0.44872374 | M68: 0.073779485 | N68: 0.53217391 | O68: 1
A69: C8 | B69: free_form_10d | C69: 575 | D69: 0.89166204 | E69: 0.6749064 | F69: 0.71304348 | G69: 1 | H69: 0.14223823 | I69: 0.13031156 | J69: 0.97391304 | K69: 1 | L69: 0.80058058 | M69: 0.45895988 | N69: 0.68347826 | O69: 1
A72: 입력 5: frozen_outputs/analysis/paper_repro/03_output_contract_diagnostics/ablation/IC-a/ICa_gpt54mini_p50_live_seed1/row_shuffle_vector_null_native/ablation_policy_summary.csv
A73: 파일 크기(bytes) | B73: 2795 | C73: 생산 코드 | D73: src/credit_recourse/analysis/llm_action_budget_ablation.py | E73: SHA256 | F73: 10AF8F9CB068801E1B2DBFA7BF8D82633988EBC4EB5E2F62782EA8BA7EA9CA89 | G73: 읽기 상태 | H73: OK
A74: policy | B74: mode | C74: n_rows | D74: mean_delta_R_score_alpha | E74: median_delta_R_score_alpha | F74: positive_fraction_alpha | G74: valid_fraction_alpha | H74: mean_delta_R_score_beta | I74: median_delta_R_score_beta | J74: positive_fraction_beta | K74: valid_fraction_beta | L74: mean_delta_R_score_gamma | M74: median_delta_R_score_gamma | N74: positive_fraction_gamma | O74: valid_fraction_gamma
A75: C4 | B75: candidate_selection | C75: 575 | D75: 0.5203648 | E75: 0.19649361 | F75: 0.56869565 | G75: 1 | H75: 0.1050754 | I75: 0.083211833 | J75: 0.91478261 | K75: 1 | L75: 0.38433277 | M75: 0.06483086 | N75: 0.51478261 | O75: 1
A76: C4 | B76: free_form_10d | C76: 575 | D76: 1.1308527 | E76: 0.89187138 | F76: 0.85565217 | G76: 1 | H76: 0.13267197 | I76: 0.13065226 | J76: 0.99304348 | K76: 1 | L76: 0.98064338 | M76: 0.69132878 | N76: 0.79652174 | O76: 1
A77: C5 | B77: candidate_selection | C77: 575 | D77: 0.57026885 | E77: 0.28218806 | F77: 0.61913043 | G77: 1 | H77: 0.12812041 | I77: 0.11901649 | J77: 0.95478261 | K77: 1 | L77: 0.4046401 | M77: 0.098978989 | N77: 0.54608696 | O77: 1
A78: C5 | B78: free_form_10d | C78: 557 | D78: 0.93161472 | E78: 0.87544054 | F78: 0.77199282 | G78: 1 | H78: 0.10045887 | I78: 0.096032381 | J78: 0.96050269 | K78: 1 | L78: 0.83238329 | M78: 0.59277789 | N78: 0.74147217 | O78: 1
A79: C6 | B79: candidate_selection | C79: 575 | D79: 0.56204636 | E79: 0.28218806 | F79: 0.60695652 | G79: 1 | H79: 0.11064924 | I79: 0.087368589 | J79: 0.9373913 | K79: 1 | L79: 0.42177443 | M79: 0.11480098 | N79: 0.54782609 | O79: 1
A80: C6 | B80: free_form_10d | C80: 575 | D80: 1.184878 | E80: 0.89187138 | F80: 0.85043478 | G80: 1 | H80: 0.16587983 | I80: 0.15492454 | J80: 0.99478261 | K80: 1 | L80: 0.9451142 | M80: 0.64761679 | N80: 0.78086957 | O80: 1
A81: C6X | B81: candidate_selection | C81: 575 | D81: 0.52751836 | E81: 0.19649361 | F81: 0.57217391 | G81: 1 | H81: 0.097591032 | I81: 0.076475569 | J81: 0.90956522 | K81: 1 | L81: 0.39899899 | M81: 0.073779485 | N81: 0.52869565 | O81: 1
A82: C6X | B82: free_form_10d | C82: 575 | D82: 1.0594591 | E82: 0.89187138 | F82: 0.82782609 | G82: 1 | H82: 0.13849209 | I82: 0.13140495 | J82: 0.99130435 | K82: 1 | L82: 0.90655559 | M82: 0.63668626 | N82: 0.77565217 | O82: 1
A83: C7 | B83: candidate_selection | C83: 575 | D83: 0.58327923 | E83: 0.28218806 | F83: 0.63130435 | G83: 1 | H83: 0.12936562 | I83: 0.12021108 | J83: 0.96 | K83: 1 | L83: 0.42668995 | M83: 0.12909112 | N83: 0.56 | O83: 1
A84: C7 | B84: free_form_10d | C84: 574 | D84: 1.0039093 | E84: 0.87544054 | F84: 0.76829268 | G84: 1 | H84: 0.13614607 | I84: 0.12378602 | J84: 0.95993031 | K84: 1 | L84: 0.92013108 | M84: 0.63373686 | N84: 0.7456446 | O84: 1
A85: C8 | B85: candidate_selection | C85: 575 | D85: 0.55533533 | E85: 0.19649361 | F85: 0.56 | G85: 1 | H85: 0.096353518 | I85: 0.077772528 | J85: 0.89217391 | K85: 1 | L85: 0.44872374 | M85: 0.073779485 | N85: 0.53217391 | O85: 1
A86: C8 | B86: free_form_10d | C86: 575 | D86: 0.89166204 | E86: 0.6749064 | F86: 0.71304348 | G86: 1 | H86: 0.14223823 | I86: 0.13031156 | J86: 0.97391304 | K86: 1 | L86: 0.80058058 | M86: 0.45895988 | N86: 0.68347826 | O86: 1
A89: 입력 6: frozen_outputs/analysis/paper_repro/03_output_contract_diagnostics/ablation/IC-a/ICa_gpt54mini_p50_live_seed1/row_shuffle_vector_null_native_industry/ablation_policy_summary.csv
A90: 파일 크기(bytes) | B90: 2796 | C90: 생산 코드 | D90: src/credit_recourse/analysis/llm_action_budget_ablation.py | E90: SHA256 | F90: D1D56D25C0042870613114AAA2A3089F654B7654BA0704B99274DDCA6CF6AACB | G90: 읽기 상태 | H90: OK
A91: policy | B91: mode | C91: n_rows | D91: mean_delta_R_score_alpha | E91: median_delta_R_score_alpha | F91: positive_fraction_alpha | G91: valid_fraction_alpha | H91: mean_delta_R_score_beta | I91: median_delta_R_score_beta | J91: positive_fraction_beta | K91: valid_fraction_beta | L91: mean_delta_R_score_gamma | M91: median_delta_R_score_gamma | N91: positive_fraction_gamma | O91: valid_fraction_gamma
A92: C4 | B92: candidate_selection | C92: 575 | D92: 0.5203648 | E92: 0.19649361 | F92: 0.56869565 | G92: 1 | H92: 0.1050754 | I92: 0.083211833 | J92: 0.91478261 | K92: 1 | L92: 0.38433277 | M92: 0.06483086 | N92: 0.51478261 | O92: 1
A93: C4 | B93: free_form_10d | C93: 575 | D93: 1.1308527 | E93: 0.89187138 | F93: 0.85565217 | G93: 1 | H93: 0.13267197 | I93: 0.13065226 | J93: 0.99304348 | K93: 1 | L93: 0.98064338 | M93: 0.69132878 | N93: 0.79652174 | O93: 1
A94: C5 | B94: candidate_selection | C94: 575 | D94: 0.57026885 | E94: 0.28218806 | F94: 0.61913043 | G94: 1 | H94: 0.12812041 | I94: 0.11901649 | J94: 0.95478261 | K94: 1 | L94: 0.4046401 | M94: 0.098978989 | N94: 0.54608696 | O94: 1
A95: C5 | B95: free_form_10d | C95: 557 | D95: 0.93161472 | E95: 0.87544054 | F95: 0.77199282 | G95: 1 | H95: 0.10045887 | I95: 0.096032381 | J95: 0.96050269 | K95: 1 | L95: 0.83238329 | M95: 0.59277789 | N95: 0.74147217 | O95: 1
A96: C6 | B96: candidate_selection | C96: 575 | D96: 0.56204636 | E96: 0.28218806 | F96: 0.60695652 | G96: 1 | H96: 0.11064924 | I96: 0.087368589 | J96: 0.9373913 | K96: 1 | L96: 0.42177443 | M96: 0.11480098 | N96: 0.54782609 | O96: 1
A97: C6 | B97: free_form_10d | C97: 575 | D97: 1.1199796 | E97: 0.89187138 | F97: 0.84347826 | G97: 1 | H97: 0.16567335 | I97: 0.15211938 | J97: 0.99478261 | K97: 1 | L97: 0.94612028 | M97: 0.65410797 | N97: 0.77391304 | O97: 1
A98: C6X | B98: candidate_selection | C98: 575 | D98: 0.52751836 | E98: 0.19649361 | F98: 0.57217391 | G98: 1 | H98: 0.097591032 | I98: 0.076475569 | J98: 0.90956522 | K98: 1 | L98: 0.39899899 | M98: 0.073779485 | N98: 0.52869565 | O98: 1
A99: C6X | B99: free_form_10d | C99: 575 | D99: 1.0594591 | E99: 0.89187138 | F99: 0.82782609 | G99: 1 | H99: 0.13849209 | I99: 0.13140495 | J99: 0.99130435 | K99: 1 | L99: 0.90655559 | M99: 0.63668626 | N99: 0.77565217 | O99: 1
A100: C7 | B100: candidate_selection | C100: 575 | D100: 0.58327923 | E100: 0.28218806 | F100: 0.63130435 | G100: 1 | H100: 0.12936562 | I100: 0.12021108 | J100: 0.96 | K100: 1 | L100: 0.42668995 | M100: 0.12909112 | N100: 0.56 | O100: 1
A101: C7 | B101: free_form_10d | C101: 574 | D101: 1.0039093 | E101: 0.87544054 | F101: 0.76829268 | G101: 1 | H101: 0.13614607 | I101: 0.12378602 | J101: 0.95993031 | K101: 1 | L101: 0.92013108 | M101: 0.63373686 | N101: 0.7456446 | O101: 1
A102: C8 | B102: candidate_selection | C102: 575 | D102: 0.55533533 | E102: 0.19649361 | F102: 0.56 | G102: 1 | H102: 0.096353518 | I102: 0.077772528 | J102: 0.89217391 | K102: 1 | L102: 0.44872374 | M102: 0.073779485 | N102: 0.53217391 | O102: 1
A103: C8 | B103: free_form_10d | C103: 575 | D103: 0.89166204 | E103: 0.6749064 | F103: 0.71304348 | G103: 1 | H103: 0.14223823 | I103: 0.13031156 | J103: 0.97391304 | K103: 1 | L103: 0.80058058 | M103: 0.45895988 | N103: 0.68347826 | O103: 1
A106: 입력 7: frozen_outputs/analysis/paper_repro/03_output_contract_diagnostics/ablation/IC-a/ICa_gpt54mini_p50_live_seed1/row_shuffle_vector_null_native_rating_band/ablation_policy_summary.csv
A107: 파일 크기(bytes) | B107: 2797 | C107: 생산 코드 | D107: src/credit_recourse/analysis/llm_action_budget_ablation.py | E107: SHA256 | F107: CC7932E9A8D383ACA74BFD7C302E5FF2C305B61986DDFCC282A3DDBD764B850A | G107: 읽기 상태 | H107: OK
A108: policy | B108: mode | C108: n_rows | D108: mean_delta_R_score_alpha | E108: median_delta_R_score_alpha | F108: positive_fraction_alpha | G108: valid_fraction_alpha | H108: mean_delta_R_score_beta | I108: median_delta_R_score_beta | J108: positive_fraction_beta | K108: valid_fraction_beta | L108: mean_delta_R_score_gamma | M108: median_delta_R_score_gamma | N108: positive_fraction_gamma | O108: valid_fraction_gamma
A109: C4 | B109: candidate_selection | C109: 575 | D109: 0.5203648 | E109: 0.19649361 | F109: 0.56869565 | G109: 1 | H109: 0.1050754 | I109: 0.083211833 | J109: 0.91478261 | K109: 1 | L109: 0.38433277 | M109: 0.06483086 | N109: 0.51478261 | O109: 1
A110: C4 | B110: free_form_10d | C110: 575 | D110: 1.1308527 | E110: 0.89187138 | F110: 0.85565217 | G110: 1 | H110: 0.13267197 | I110: 0.13065226 | J110: 0.99304348 | K110: 1 | L110: 0.98064338 | M110: 0.69132878 | N110: 0.79652174 | O110: 1
A111: C5 | B111: candidate_selection | C111: 575 | D111: 0.57026885 | E111: 0.28218806 | F111: 0.61913043 | G111: 1 | H111: 0.12812041 | I111: 0.11901649 | J111: 0.95478261 | K111: 1 | L111: 0.4046401 | M111: 0.098978989 | N111: 0.54608696 | O111: 1
A112: C5 | B112: free_form_10d | C112: 557 | D112: 0.93161472 | E112: 0.87544054 | F112: 0.77199282 | G112: 1 | H112: 0.10045887 | I112: 0.096032381 | J112: 0.96050269 | K112: 1 | L112: 0.83238329 | M112: 0.59277789 | N112: 0.74147217 | O112: 1
A113: C6 | B113: candidate_selection | C113: 575 | D113: 0.56204636 | E113: 0.28218806 | F113: 0.60695652 | G113: 1 | H113: 0.11064924 | I113: 0.087368589 | J113: 0.9373913 | K113: 1 | L113: 0.42177443 | M113: 0.11480098 | N113: 0.54782609 | O113: 1
...

Sheet CHART_DATA
A1: F7 · 그림 데이터
A2: 실제 실행 산출물과 연결된 데이터입니다. 차트는 이 시트의 값을 참조하므로 Excel에서 직접 편집할 수 있습니다.
A4: source_file × policy × mode | B4: mean_delta_R_score_alpha
A5: data/analysis/paper_repro/03_output_contract_diagnostics/ablation/IC-a/ICa_gpt54mini_p50_live_seed1/global_mean_vector_null_native/ablation_policy_summary.csv | C4 | candidate_selection | B5: ='SOURCE'!D7
A6: data/analysis/paper_repro/03_output_contract_diagnostics/ablation/IC-a/ICa_gpt54mini_p50_live_seed1/global_mean_vector_null_native/ablation_policy_summary.csv | C4 | free_form_10d | B6: ='SOURCE'!D8
A7: data/analysis/paper_repro/03_output_contract_diagnostics/ablation/IC-a/ICa_gpt54mini_p50_live_seed1/global_mean_vector_null_native/ablation_policy_summary.csv | C6 | candidate_selection | B7: ='SOURCE'!D11
A8: data/analysis/paper_repro/03_output_contract_diagnostics/ablation/IC-a/ICa_gpt54mini_p50_live_seed1/global_mean_vector_null_native/ablation_policy_summary.csv | C6 | free_form_10d | B8: ='SOURCE'!D12
A9: data/analysis/paper_repro/03_output_contract_diagnostics/ablation/IC-a/ICa_gpt54mini_p50_live_seed1/global_mean_vector_null_same_policy_candidate_mean/ablation_policy_summary.csv | C4 | candidate_selection | B9: ='SOURCE'!D24
A10: data/analysis/paper_repro/03_output_contract_diagnostics/ablation/IC-a/ICa_gpt54mini_p50_live_seed1/global_mean_vector_null_same_policy_candidate_mean/ablation_policy_summary.csv | C4 | free_form_10d | B10: ='SOURCE'!D25
A11: data/analysis/paper_repro/03_output_contract_diagnostics/ablation/IC-a/ICa_gpt54mini_p50_live_seed1/global_mean_vector_null_same_policy_candidate_mean/ablation_policy_summary.csv | C6 | candidate_selection | B11: ='SOURCE'!D28
A12: data/analysis/paper_repro/03_output_contract_diagnostics/ablation/IC-a/ICa_gpt54mini_p50_live_seed1/global_mean_vector_null_same_policy_candidate_mean/ablation_policy_summary.csv | C6 | free_form_10d | B12: ='SOURCE'!D29
A13: data/analysis/paper_repro/03_output_contract_diagnostics/ablation/IC-a/ICa_gpt54mini_p50_live_seed1/l1_rescale_same_policy_candidate_mean/ablation_policy_summary.csv | C4 | candidate_selection | B13: ='SOURCE'!D41
A14: data/analysis/paper_repro/03_output_contract_diagnostics/ablation/IC-a/ICa_gpt54mini_p50_live_seed1/l1_rescale_same_policy_candidate_mean/ablation_policy_summary.csv | C4 | free_form_10d | B14: ='SOURCE'!D42
A15: data/analysis/paper_repro/03_output_contract_diagnostics/ablation/IC-a/ICa_gpt54mini_p50_live_seed1/l1_rescale_same_policy_candidate_mean/ablation_policy_summary.csv | C6 | candidate_selection | B15: ='SOURCE'!D45
A16: data/analysis/paper_repro/03_output_contract_diagnostics/ablation/IC-a/ICa_gpt54mini_p50_live_seed1/l1_rescale_same_policy_candidate_mean/ablation_policy_summary.csv | C6 | free_form_10d | B16: ='SOURCE'!D46
A17: data/analysis/paper_repro/03_output_contract_diagnostics/ablation/IC-a/ICa_gpt54mini_p50_live_seed1/nearest_candidate_projection_native/ablation_policy_summary.csv | C4 | candidate_selection | B17: ='SOURCE'!D58
A18: data/analysis/paper_repro/03_output_contract_diagnostics/ablation/IC-a/ICa_gpt54mini_p50_live_seed1/nearest_candidate_projection_native/ablation_policy_summary.csv | C4 | free_form_10d | B18: ='SOURCE'!D59
A19: data/analysis/paper_repro/03_output_contract_diagnostics/ablation/IC-a/ICa_gpt54mini_p50_live_seed1/nearest_candidate_projection_native/ablation_policy_summary.csv | C6 | candidate_selection | B19: ='SOURCE'!D62
A20: data/analysis/paper_repro/03_output_contract_diagnostics/ablation/IC-a/ICa_gpt54mini_p50_live_seed1/nearest_candidate_projection_native/ablation_policy_summary.csv | C6 | free_form_10d | B20: ='SOURCE'!D63
A21: data/analysis/paper_repro/03_output_contract_diagnostics/ablation/IC-a/ICa_gpt54mini_p50_live_seed1/row_shuffle_vector_null_native/ablation_policy_summary.csv | C4 | candidate_selection | B21: ='SOURCE'!D75
A22: data/analysis/paper_repro/03_output_contract_diagnostics/ablation/IC-a/ICa_gpt54mini_p50_live_seed1/row_shuffle_vector_null_native/ablation_policy_summary.csv | C4 | free_form_10d | B22: ='SOURCE'!D76
A23: data/analysis/paper_repro/03_output_contract_diagnostics/ablation/IC-a/ICa_gpt54mini_p50_live_seed1/row_shuffle_vector_null_native/ablation_policy_summary.csv | C6 | candidate_selection | B23: ='SOURCE'!D79
A24: data/analysis/paper_repro/03_output_contract_diagnostics/ablation/IC-a/ICa_gpt54mini_p50_live_seed1/row_shuffle_vector_null_native/ablation_policy_summary.csv | C6 | free_form_10d | B24: ='SOURCE'!D80
A25: data/analysis/paper_repro/03_output_contract_diagnostics/ablation/IC-a/ICa_gpt54mini_p50_live_seed1/row_shuffle_vector_null_native_industry/ablation_policy_summary.csv | C4 | candidate_selection | B25: ='SOURCE'!D92
A26: data/analysis/paper_repro/03_output_contract_diagnostics/ablation/IC-a/ICa_gpt54mini_p50_live_seed1/row_shuffle_vector_null_native_industry/ablation_policy_summary.csv | C4 | free_form_10d | B26: ='SOURCE'!D93
A27: data/analysis/paper_repro/03_output_contract_diagnostics/ablation/IC-a/ICa_gpt54mini_p50_live_seed1/row_shuffle_vector_null_native_industry/ablation_policy_summary.csv | C6 | candidate_selection | B27: ='SOURCE'!D96
A28: data/analysis/paper_repro/03_output_contract_diagnostics/ablation/IC-a/ICa_gpt54mini_p50_live_seed1/row_shuffle_vector_null_native_industry/ablation_policy_summary.csv | C6 | free_form_10d | B28: ='SOURCE'!D97
A29: data/analysis/paper_repro/03_output_contract_diagnostics/ablation/IC-a/ICa_gpt54mini_p50_live_seed1/row_shuffle_vector_null_native_rating_band/ablation_policy_summary.csv | C4 | candidate_selection | B29: ='SOURCE'!D109
A30: data/analysis/paper_repro/03_output_contract_diagnostics/ablation/IC-a/ICa_gpt54mini_p50_live_seed1/row_shuffle_vector_null_native_rating_band/ablation_policy_summary.csv | C4 | free_form_10d | B30: ='SOURCE'!D110
A31: data/analysis/paper_repro/03_output_contract_diagnostics/ablation/IC-a/ICa_gpt54mini_p50_live_seed1/row_shuffle_vector_null_native_rating_band/ablation_policy_summary.csv | C6 | candidate_selection | B31: ='SOURCE'!D113
A32: data/analysis/paper_repro/03_output_contract_diagnostics/ablation/IC-a/ICa_gpt54mini_p50_live_seed1/row_shuffle_vector_null_native_rating_band/ablation_policy_summary.csv | C6 | free_form_10d | B32: ='SOURCE'!D114
A33: data/analysis/paper_repro/03_output_contract_diagnostics/ablation/IC-a/ICa_gpt54mini_p50_live_seed1/row_shuffle_vector_null_same_policy_candidate_mean/ablation_policy_summary.csv | C4 | candidate_selection | B33: ='SOURCE'!D126
A34: data/analysis/paper_repro/03_output_contract_diagnostics/ablation/IC-a/ICa_gpt54mini_p50_live_seed1/row_shuffle_vector_null_same_policy_candidate_mean/ablation_policy_summary.csv | C4 | free_form_10d | B34: ='SOURCE'!D127
A35: data/analysis/paper_repro/03_output_contract_diagnostics/ablation/IC-a/ICa_gpt54mini_p50_live_seed1/row_shuffle_vector_null_same_policy_candidate_mean/ablation_policy_summary.csv | C6 | candidate_selection | B35: ='SOURCE'!D130
A36: data/analysis/paper_repro/03_output_contract_diagnostics/ablation/IC-a/ICa_gpt54mini_p50_live_seed1/row_shuffle_vector_null_same_policy_candidate_mean/ablation_policy_summary.csv | C6 | free_form_10d | B36: ='SOURCE'!D131
A37: data/analysis/paper_repro/03_output_contract_diagnostics/ablation/IC-b/ICb_gpt54mini_p50_live_seed1/global_mean_vector_null_native/ablation_policy_summary.csv | C4 | candidate_selection | B37: ='SOURCE'!D143
A38: data/analysis/paper_repro/03_output_contract_diagnostics/ablation/IC-b/ICb_gpt54mini_p50_live_seed1/global_mean_vector_null_native/ablation_policy_summary.csv | C4 | free_form_10d | B38: ='SOURCE'!D144
A39: data/analysis/paper_repro/03_output_contract_diagnostics/ablation/IC-b/ICb_gpt54mini_p50_live_seed1/global_mean_vector_null_native/ablation_policy_summary.csv | C6 | candidate_selection | B39: ='SOURCE'!D147
A40: data/analysis/paper_repro/03_output_contract_diagnostics/ablation/IC-b/ICb_gpt54mini_p50_live_seed1/global_mean_vector_null_native/ablation_policy_summary.csv | C6 | free_form_10d | B40: ='SOURCE'!D148
A41: data/analysis/paper_repro/03_output_contract_diagnostics/ablation/IC-b/ICb_gpt54mini_p50_live_seed1/global_mean_vector_null_same_policy_candidate_mean/ablation_policy_summary.csv | C4 | candidate_selection | B41: ='SOURCE'!D160
A42: data/analysis/paper_repro/03_output_contract_diagnostics/ablation/IC-b/ICb_gpt54mini_p50_live_seed1/global_mean_vector_null_same_policy_candidate_mean/ablation_policy_summary.csv | C4 | free_form_10d | B42: ='SOURCE'!D161
A43: data/analysis/paper_repro/03_output_contract_diagnostics/ablation/IC-b/ICb_gpt54mini_p50_live_seed1/global_mean_vector_null_same_policy_candidate_mean/ablation_policy_summary.csv | C6 | candidate_selection | B43: ='SOURCE'!D164
A44: data/analysis/paper_repro/03_output_contract_diagnostics/ablation/IC-b/ICb_gpt54mini_p50_live_seed1/global_mean_vector_null_same_policy_candidate_mean/ablation_policy_summary.csv | C6 | free_form_10d | B44: ='SOURCE'!D165
A45: data/analysis/paper_repro/03_output_contract_diagnostics/ablation/IC-b/ICb_gpt54mini_p50_live_seed1/l1_rescale_same_policy_candidate_mean/ablation_policy_summary.csv | C4 | candidate_selection | B45: ='SOURCE'!D177
A46: data/analysis/paper_repro/03_output_contract_diagnostics/ablation/IC-b/ICb_gpt54mini_p50_live_seed1/l1_rescale_same_policy_candidate_mean/ablation_policy_summary.csv | C4 | free_form_10d | B46: ='SOURCE'!D178
A47: data/analysis/paper_repro/03_output_contract_diagnostics/ablation/IC-b/ICb_gpt54mini_p50_live_seed1/l1_rescale_same_policy_candidate_mean/ablation_policy_summary.csv | C6 | candidate_selection | B47: ='SOURCE'!D181
A48: data/analysis/paper_repro/03_output_contract_diagnostics/ablation/IC-b/ICb_gpt54mini_p50_live_seed1/l1_rescale_same_policy_candidate_mean/ablation_policy_summary.csv | C6 | free_form_10d | B48: ='SOURCE'!D182
A49: data/analysis/paper_repro/03_output_contract_diagnostics/ablation/IC-b/ICb_gpt54mini_p50_live_seed1/nearest_candidate_projection_native/ablation_policy_summary.csv | C4 | candidate_selection | B49: ='SOURCE'!D194
A50: data/analysis/paper_repro/03_output_contract_diagnostics/ablation/IC-b/ICb_gpt54mini_p50_live_seed1/nearest_candidate_projection_native/ablation_policy_summary.csv | C4 | free_form_10d | B50: ='SOURCE'!D195
A51: data/analysis/paper_repro/03_output_contract_diagnostics/ablation/IC-b/ICb_gpt54mini_p50_live_seed1/nearest_candidate_projection_native/ablation_policy_summary.csv | C6 | candidate_selection | B51: ='SOURCE'!D198
A52: data/analysis/paper_repro/03_output_contract_diagnostics/ablation/IC-b/ICb_gpt54mini_p50_live_seed1/nearest_candidate_projection_native/ablation_policy_summary.csv | C6 | free_form_10d | B52: ='SOURCE'!D199
A53: data/analysis/paper_repro/03_output_contract_diagnostics/ablation/IC-b/ICb_gpt54mini_p50_live_seed1/row_shuffle_vector_null_native/ablation_policy_summary.csv | C4 | candidate_selection | B53: ='SOURCE'!D211
A54: data/analysis/paper_repro/03_output_contract_diagnostics/ablation/IC-b/ICb_gpt54mini_p50_live_seed1/row_shuffle_vector_null_native/ablation_policy_summary.csv | C4 | free_form_10d | B54: ='SOURCE'!D212
A55: data/analysis/paper_repro/03_output_contract_diagnostics/ablation/IC-b/ICb_gpt54mini_p50_live_seed1/row_shuffle_vector_null_native/ablation_policy_summary.csv | C6 | candidate_selection | B55: ='SOURCE'!D215
A56: data/analysis/paper_repro/03_output_contract_diagnostics/ablation/IC-b/ICb_gpt54mini_p50_live_seed1/row_shuffle_vector_null_native/ablation_policy_summary.csv | C6 | free_form_10d | B56: ='SOURCE'!D216
A57: data/analysis/paper_repro/03_output_contract_diagnostics/ablation/IC-b/ICb_gpt54mini_p50_live_seed1/row_shuffle_vector_null_native_industry/ablation_policy_summary.csv | C4 | candidate_selection | B57: ='SOURCE'!D228
A58: data/analysis/paper_repro/03_output_contract_diagnostics/ablation/IC-b/ICb_gpt54mini_p50_live_seed1/row_shuffle_vector_null_native_industry/ablation_policy_summary.csv | C4 | free_form_10d | B58: ='SOURCE'!D229
A59: data/analysis/paper_repro/03_output_contract_diagnostics/ablation/IC-b/ICb_gpt54mini_p50_live_seed1/row_shuffle_vector_null_native_industry/ablation_policy_summary.csv | C6 | candidate_selection | B59: ='SOURCE'!D232
A60: data/analysis/paper_repro/03_output_contract_diagnostics/ablation/IC-b/ICb_gpt54mini_p50_live_seed1/row_shuffle_vector_null_native_industry/ablation_policy_summary.csv | C6 | free_form_10d | B60: ='SOURCE'!D233
A61: data/analysis/paper_repro/03_output_contract_diagnostics/ablation/IC-b/ICb_gpt54mini_p50_live_seed1/row_shuffle_vector_null_native_rating_band/ablation_policy_summary.csv | C4 | candidate_selection | B61: ='SOURCE'!D245
A62: data/analysis/paper_repro/03_output_contract_diagnostics/ablation/IC-b/ICb_gpt54mini_p50_live_seed1/row_shuffle_vector_null_native_rating_band/ablation_policy_summary.csv | C4 | free_form_10d | B62: ='SOURCE'!D246
A63: data/analysis/paper_repro/03_output_contract_diagnostics/ablation/IC-b/ICb_gpt54mini_p50_live_seed1/row_shuffle_vector_null_native_rating_band/ablation_policy_summary.csv | C6 | candidate_selection | B63: ='SOURCE'!D249
A64: data/analysis/paper_repro/03_output_contract_diagnostics/ablation/IC-b/ICb_gpt54mini_p50_live_seed1/row_shuffle_vector_null_native_rating_band/ablation_policy_summary.csv | C6 | free_form_10d | B64: ='SOURCE'!D250
A65: data/analysis/paper_repro/03_output_contract_diagnostics/ablation/IC-b/ICb_gpt54mini_p50_live_seed1/row_shuffle_vector_null_same_policy_candidate_mean/ablation_policy_summary.csv | C4 | candidate_selection | B65: ='SOURCE'!D262
A66: data/analysis/paper_repro/03_output_contract_diagnostics/ablation/IC-b/ICb_gpt54mini_p50_live_seed1/row_shuffle_vector_null_same_policy_candidate_mean/ablation_policy_summary.csv | C4 | free_form_10d | B66: ='SOURCE'!D263
A67: data/analysis/paper_repro/03_output_contract_diagnostics/ablation/IC-b/ICb_gpt54mini_p50_live_seed1/row_shuffle_vector_null_same_policy_candidate_mean/ablation_policy_summary.csv | C6 | candidate_selection | B67: ='SOURCE'!D266
A68: data/analysis/paper_repro/03_output_contract_diagnostics/ablation/IC-b/ICb_gpt54mini_p50_live_seed1/row_shuffle_vector_null_same_policy_candidate_mean/ablation_policy_summary.csv | C6 | free_form_10d | B68: ='SOURCE'!D267
A69: data/analysis/paper_repro/03_output_contract_diagnostics/ablation/IC-c/ICc_gpt54mini_p50_live_seed1/global_mean_vector_null_native/ablation_policy_summary.csv | C4 | candidate_selection | B69: ='SOURCE'!D279
A70: data/analysis/paper_repro/03_output_contract_diagnostics/ablation/IC-c/ICc_gpt54mini_p50_live_seed1/global_mean_vector_null_native/ablation_policy_summary.csv | C4 | free_form_10d | B70: ='SOURCE'!D280
A71: data/analysis/paper_repro/03_output_contract_diagnostics/ablation/IC-c/ICc_gpt54mini_p50_live_seed1/global_mean_vector_null_native/ablation_policy_summary.csv | C6 | candidate_selection | B71: ='SOURCE'!D283
A72: data/analysis/paper_repro/03_output_contract_diagnostics/ablation/IC-c/ICc_gpt54mini_p50_live_seed1/global_mean_vector_null_native/ablation_policy_summary.csv | C6 | free_form_10d | B72: ='SOURCE'!D284
A73: data/analysis/paper_repro/03_output_contract_diagnostics/ablation/IC-c/ICc_gpt54mini_p50_live_seed1/global_mean_vector_null_same_policy_candidate_mean/ablation_policy_summary.csv | C4 | candidate_selection | B73: ='SOURCE'!D296
A74: data/analysis/paper_repro/03_output_contract_diagnostics/ablation/IC-c/ICc_gpt54mini_p50_live_seed1/global_mean_vector_null_same_policy_candidate_mean/ablation_policy_summary.csv | C4 | free_form_10d | B74: ='SOURCE'!D297
A75: data/analysis/paper_repro/03_output_contract_diagnostics/ablation/IC-c/ICc_gpt54mini_p50_live_seed1/global_mean_vector_null_same_policy_candidate_mean/ablation_policy_summary.csv | C6 | candidate_selection | B75: ='SOURCE'!D300
A76: data/analysis/paper_repro/03_output_contract_diagnostics/ablation/IC-c/ICc_gpt54mini_p50_live_seed1/global_mean_vector_null_same_policy_candidate_mean/ablation_policy_summary.csv | C6 | free_form_10d | B76: ='SOURCE'!D301
A77: data/analysis/paper_repro/03_output_contract_diagnostics/ablation/IC-c/ICc_gpt54mini_p50_live_seed1/l1_rescale_same_policy_candidate_mean/ablation_policy_summary.csv | C4 | candidate_selection | B77: ='SOURCE'!D313
A78: data/analysis/paper_repro/03_output_contract_diagnostics/ablation/IC-c/ICc_gpt54mini_p50_live_seed1/l1_rescale_same_policy_candidate_mean/ablation_policy_summary.csv | C4 | free_form_10d | B78: ='SOURCE'!D314
A79: data/analysis/paper_repro/03_output_contract_diagnostics/ablation/IC-c/ICc_gpt54mini_p50_live_seed1/l1_rescale_same_policy_candidate_mean/ablation_policy_summary.csv | C6 | candidate_selection | B79: ='SOURCE'!D317
A80: data/analysis/paper_repro/03_output_contract_diagnostics/ablation/IC-c/ICc_gpt54mini_p50_live_seed1/l1_rescale_same_policy_candidate_mean/ablation_policy_summary.csv | C6 | free_form_10d | B80: ='SOURCE'!D318
A81: data/analysis/paper_repro/03_output_contract_diagnostics/ablation/IC-c/ICc_gpt54mini_p50_live_seed1/nearest_candidate_projection_native/ablation_policy_summary.csv | C4 | candidate_selection | B81: ='SOURCE'!D330
A82: data/analysis/paper_repro/03_output_contract_diagnostics/ablation/IC-c/ICc_gpt54mini_p50_live_seed1/nearest_candidate_projection_native/ablation_policy_summary.csv | C4 | free_form_10d | B82: ='SOURCE'!D331
A83: data/analysis/paper_repro/03_output_contract_diagnostics/ablation/IC-c/ICc_gpt54mini_p50_live_seed1/nearest_candidate_projection_native/ablation_policy_summary.csv | C6 | candidate_selection | B83: ='SOURCE'!D334
A84: data/analysis/paper_repro/03_output_contract_diagnostics/ablation/IC-c/ICc_gpt54mini_p50_live_seed1/nearest_candidate_projection_native/ablation_policy_summary.csv | C6 | free_form_10d | B84: ='SOURCE'!D335
A85: data/analysis/paper_repro/03_output_contract_diagnostics/ablation/IC-c/ICc_gpt54mini_p50_live_seed1/row_shuffle_vector_null_native/ablation_policy_summary.csv | C4 | candidate_selection | B85: ='SOURCE'!D347
A86: data/analysis/paper_repro/03_output_contract_diagnostics/ablation/IC-c/ICc_gpt54mini_p50_live_seed1/row_shuffle_vector_null_native/ablation_policy_summary.csv | C4 | free_form_10d | B86: ='SOURCE'!D348
A87: data/analysis/paper_repro/03_output_contract_diagnostics/ablation/IC-c/ICc_gpt54mini_p50_live_seed1/row_shuffle_vector_null_native/ablation_policy_summary.csv | C6 | candidate_selection | B87: ='SOURCE'!D351
A88: data/analysis/paper_repro/03_output_contract_diagnostics/ablation/IC-c/ICc_gpt54mini_p50_live_seed1/row_shuffle_vector_null_native/ablation_policy_summary.csv | C6 | free_form_10d | B88: ='SOURCE'!D352
A89: data/analysis/paper_repro/03_output_contract_diagnostics/ablation/IC-c/ICc_gpt54mini_p50_live_seed1/row_shuffle_vector_null_native_industry/ablation_policy_summary.csv | C4 | candidate_selection | B89: ='SOURCE'!D364
A90: data/analysis/paper_repro/03_output_contract_diagnostics/ablation/IC-c/ICc_gpt54mini_p50_live_seed1/row_shuffle_vector_null_native_industry/ablation_policy_summary.csv | C4 | free_form_10d | B90: ='SOURCE'!D365
A91: data/analysis/paper_repro/03_output_contract_diagnostics/ablation/IC-c/ICc_gpt54mini_p50_live_seed1/row_shuffle_vector_null_native_industry/ablation_policy_summary.csv | C6 | candidate_selection | B91: ='SOURCE'!D368
A92: data/analysis/paper_repro/03_output_contract_diagnostics/ablation/IC-c/ICc_gpt54mini_p50_live_seed1/row_shuffle_vector_null_native_industry/ablation_policy_summary.csv | C6 | free_form_10d | B92: ='SOURCE'!D369
A93: data/analysis/paper_repro/03_output_contract_diagnostics/ablation/IC-c/ICc_gpt54mini_p50_live_seed1/row_shuffle_vector_null_native_rating_band/ablation_policy_summary.csv | C4 | candidate_selection | B93: ='SOURCE'!D381
A94: data/analysis/paper_repro/03_output_contract_diagnostics/ablation/IC-c/ICc_gpt54mini_p50_live_seed1/row_shuffle_vector_null_native_rating_band/ablation_policy_summary.csv | C4 | free_form_10d | B94: ='SOURCE'!D382
A95: data/analysis/paper_repro/03_output_contract_diagnostics/ablation/IC-c/ICc_gpt54mini_p50_live_seed1/row_shuffle_vector_null_native_rating_band/ablation_policy_summary.csv | C6 | candidate_selection | B95: ='SOURCE'!D385
A96: data/analysis/paper_repro/03_output_contract_diagnostics/ablation/IC-c/ICc_gpt54mini_p50_live_seed1/row_shuffle_vector_null_native_rating_band/ablation_policy_summary.csv | C6 | free_form_10d | B96: ='SOURCE'!D386
A97: data/analysis/paper_repro/03_output_contract_diagnostics/ablation/IC-c/ICc_gpt54mini_p50_live_seed1/row_shuffle_vector_null_same_policy_candidate_mean/ablation_policy_summary.csv | C4 | candidate_selection | B97: ='SOURCE'!D398
A98: data/analysis/paper_repro/03_output_contract_diagnostics/ablation/IC-c/ICc_gpt54mini_p50_live_seed1/row_shuffle_vector_null_same_policy_candidate_mean/ablation_policy_summary.csv | C4 | free_form_10d | B98: ='SOURCE'!D399
A99: data/analysis/paper_repro/03_output_contract_diagnostics/ablation/IC-c/ICc_gpt54mini_p50_live_seed1/row_shuffle_vector_null_same_policy_candidate_mean/ablation_policy_summary.csv | C6 | candidate_selection | B99: ='SOURCE'!D402
A100: data/analysis/paper_repro/03_output_contract_diagnostics/ablation/IC-c/ICc_gpt54mini_p50_live_seed1/row_shuffle_vector_null_same_policy_candidate_mean/ablation_policy_summary.csv | C6 | free_form_10d | B100: ='SOURCE'!D403

Sheet CHART
A1: F7 · 그림 7. 기업별 연결·행동크기·재무항목 조합에 따른 정책가치(IC-b, Oracle-α)
A2: CHART_DATA를 참조하는 편집 가능한 Excel 차트입니다.
